COURSE NUMBER,SECTION,TITLE,EXAM DATE,TIME,BUILDING,ROOM,ROW,FROM,TO
ACCT 351,1,Intermediate Financial Acct 1,12/16/2019,9:00,GYM,Fieldhouse,37-40,AAA,ZZZ
ACCT 351,2,Intermediate Financial Acct 1,12/16/2019,9:00,GYM,Fieldhouse,37-40,AAA,ZZZ
ACCT 351,3,Intermediate Financial Acct 1,12/16/2019,9:00,GYM,Fieldhouse,37-40,AAA,ZZZ
ACCT 352,1,Intermediate Financial Acct 2,12/16/2019,9:00,GYM,main gym,31-35,AAA,ZZZ
ACCT 352,2,Intermediate Financial Acct 2,12/16/2019,9:00,GYM,main gym,31-35,AAA,ZZZ
ACCT 354,1,Financial Statement Analysis,12/18/2019,9:00,GYM,Fieldhouse,29-31,AAA,ZZZ
ACCT 354,2,Financial Statement Analysis,12/18/2019,9:00,GYM,Fieldhouse,29-31,AAA,ZZZ
ACCT 361,1,Management Accounting,12/9/2019,9:00,GYM,main gym,2-11,AAA,ZZZ
ACCT 361,2,Management Accounting,12/9/2019,9:00,GYM,main gym,2-11,AAA,ZZZ
ACCT 361,3,Management Accounting,12/9/2019,9:00,GYM,main gym,2-11,AAA,ZZZ
ACCT 362,1,Cost Accounting,12/5/2019,9:00,GYM,main gym,41-42,AAA,ZZZ
ACCT 385,1,Principles of Taxation,12/5/2019,14:00,GYM,Fieldhouse,23-25,AAA,ZZZ
ACCT 385,2,Principles of Taxation,12/5/2019,14:00,GYM,Fieldhouse,23-25,AAA,ZZZ
ACCT 453,1,Advanced Financial Accounting,12/9/2019,9:00,GYM,Studio 2,1-6,AAA,ZZZ
ACCT 453,2,Advanced Financial Accounting,12/9/2019,9:00,GYM,Studio 2,1-6,AAA,ZZZ
ACCT 463,1,Management Control,12/16/2019,18:30,GYM,Studio 1,1-4,AAA,ZZZ
ACCT 463,2,Management Control,12/16/2019,18:30,GYM,Studio 1,1-4,AAA,ZZZ
ACCT 475,1,Principles of Auditing,12/17/2019,14:00,GYM,Fieldhouse,39-40,AAA,ZZZ
ACCT 486,1,Business Taxation 2,12/12/2019,18:30,GYM,Studio 2,1-6,AAA,ZZZ
ACCT 486,2,Business Taxation 2,12/12/2019,18:30,GYM,Studio 2,1-6,AAA,ZZZ
ACCT 683,45,Practice of Taxation,4-Dec,9:00,BRONFMAN,205,,AAA,ZZZ
ACCT 687,45,Assurance Services,4-Dec,9:00,ARMST,075,,AAA,ZZZ
AEBI 120,1,General Biology,12/6/2019,9:00,CENTEN,Ballroom,,AAA,ZZZ
AEBI 210,1,Organisms 1,12/12/2019,9:00,CENTEN,Ballroom,,AAA,ZZZ
AECH 110,1,General Chemistry 1,12/9/2019,14:00,CENTEN,Ballroom,,AAA,ZZZ
AEHM 205,1,Science Literacy,12/17/2019,14:00,CENTEN,Ballroom,,AAA,ZZZ
AEHM 330,1,Academic & Scientific Writing,12/5/2019,14:00,TAKE,HOME,,AAA,ZZZ
AEMA 101,1,Calculus 1,12/18/2019,9:00,CENTEN,Ballroom,,AAA,ZZZ
AEMA 202,1,Intermediate Calculus,12/10/2019,14:00,CENTEN,Ballroom,,AAA,ZZZ
AEMA 310,1,Statistical Methods 1,12/9/2019,9:00,CENTEN,Ballroom,,AAA,ZZZ
AEMA 610,1,Statistical Methods 2,12/17/2019,14:00,CENTEN,Ballroom,,AAA,ZZZ
AEPH 112,1,Introductory Physics 1,12/11/2019,9:00,CENTEN,Ballroom,,AAA,ZZZ
AEPH 113,1,Physics 1,12/11/2019,9:00,CENTEN,Ballroom,,AAA,ZZZ
AGEC 200,1,Principles of Microeconomics,12/16/2019,14:00,CENTEN,Ballroom,,AAA,ZZZ
AGEC 330,1,Agriculture and Food Markets,12/16/2019,9:00,CENTEN,Ballroom,,AAA,ZZZ
AGEC 332,1,Farm Management and Finance,12/6/2019,14:00,CENTEN,Ballroom,,AAA,ZZZ
AGEC 333,1,Resource Economics,12/11/2019,14:00,CENTEN,Ballroom,,AAA,ZZZ
AGEC 491,1,Research & Methodology,12/10/2019,9:00,CENTEN,Ballroom,,AAA,ZZZ
AGRI 215,1,Agro-Ecosystems Field Course,12/13/2019,9:00,CENTEN,Ballroom,,AAA,ZZZ
ANAT 214,1,Systemic Human Anatomy,12/12/2019,9:00,SADB,M-1 & 1/56,,AAA,ZZZ
ANAT 214,1,Systemic Human Anatomy,12/18/2019,14:00,SADB,2/49,,AAA,ZZZ
ANAT 261,1,Intro to Dynamic Histology,12/11/2019,9:00,SADB,1/56,,AAA,ZZZ
ANAT 261,1,Intro to Dynamic Histology,12/13/2019,14:00,GYM,Fieldhouse,37-46,AAA,ZZZ
ANAT 315,1,Clin Hum Musculoskeletal Anat,12/5/2019,14:00,SADB,2/49,,AAA,ZZZ
ANAT 315,1,Clin Hum Musculoskeletal Anat,12/6/2019,9:00,GYM,Fieldhouse,1-7,AAA,ZZZ
ANAT 321,1,Circuitry of the Human Brain,12/10/2019,9:00,GYM,main gym,22-37,AAA,ZZZ
ANAT 323,1,Clinical Neuroanatomy,12/16/2019,14:00,SADB,2/49,,AAA,ZZZ
ANAT 323,1,Clinical Neuroanatomy,12/19/2019,9:00,GYM,Studio 2,1-7,AAA,ZZZ
ANAT 365,1,Cellular Trafficking,12/11/2019,14:00,GYM,Fieldhouse,35-36,AAA,ZZZ
ANAT 381,1,Experimental Embryology,12/19/2019,14:00,GYM,main gym,3-7,AAA,ZZZ
ANSC 250,1,Principles of Animal Science,12/5/2019,9:00,CENTEN,Ballroom,,AAA,ZZZ
ANSC 323,1,Mammalian Physiology,12/11/2019,14:00,CENTEN,Ballroom,,AAA,ZZZ
ANSC 326,1,Fundamentals of Pop'n Genetics,12/10/2019,14:00,CENTEN,Ballroom,,AAA,ZZZ
ANSC 504,1,Population Genetics,12/10/2019,14:00,CENTEN,Ballroom,,AAA,ZZZ
ANTH 202,1,Socio-Cultural Anthropology,12/5/2019,14:00,GYM,Fieldhouse,26-37,AAA,ZZZ
ANTH 227,1,Medical Anthropology,12/10/2019,18:30,GYM,Fieldhouse,4-13,AAA,ZZZ
ANTH 325,1,Anthropology of the Self,12/16/2019,18:30,TAKE,HOME,,AAA,ZZZ
ANTH 326,1,Anthropology of Latin America,12/6/2019,14:00,GYM,main gym,22-26,AAA,ZZZ
ANTH 352,1,Hist of Anthropological Theory,12/13/2019,18:30,TAKE,HOME,,AAA,ZZZ
ANTH 412,1,Topics:Anthropological Theory,12/13/2019,18:30,TAKE,HOME,,AAA,ZZZ
ARCH 201,1,"Communication, Behaviour&Arch",Dec 5/6,9:00,MDHAR,114,,AAA,ZZZ
ARCH 303,1,Design and Construction 1,Dec 5/6,9:00,MDHAR,101,,AAA,ZZZ
ARCH 303,2,Design and Construction 1,Dec 5/6,9:00,MDHAR,102,,AAA,ZZZ
ARCH 303,3,Design and Construction 1,Dec 5/6,9:00,MDHAR,101,,AAA,ZZZ
ARCH 303,7,Design and Construction 1,Dec 5/6,9:00,MDHAR,102,,AAA,ZZZ
ARCH 354,1,Architectural History 3,12/13/2019,9:00,GYM,Fieldhouse,41-42,AAA,ZZZ
ARCH 354,2,Architectural History 3,12/13/2019,9:00,GYM,Fieldhouse,41-42,AAA,ZZZ
ARCH 375,1,Landscape,12/10/2019,9:00,MDHAR,G-10,,AAA,ZZZ
ARCH 405,1,Design and Construction 3,Dec 9/10,9:00,MDHAR,114,,AAA,ZZZ
ARCH 405,2,Design and Construction 3,Dec 9/10,9:00,MDHAR,101,,AAA,ZZZ
ARCH 405,3,Design and Construction 3,Dec 9/10,9:00,MDHAR,102,,AAA,ZZZ
ARCH 405,7,Design and Construction 3,Dec 9/10,9:00,MDHAR,207,,AAA,ZZZ
ARCH 672,1,Architectural Design 1,Dec 11/12/13,9:00,MDHAR,114,,AAA,ZZZ
ARCH 672,3,Architectural Design 1,Dec 11/12/13,9:00,MDHAR,101,,AAA,ZZZ
ARCH 672,5,Architectural Design 1,Dec 11/12/13,9:00,MDHAR,102,,AAA,ZZZ
ARCH 677,1,Architectural Design 3,Dec 16/17,9:00,MDHAR,114,,AAA,ZZZ
ARCH 677,3,Architectural Design 3,Dec 16/17,9:00,MDHAR,101,,AAA,ZZZ
ARCH 683,1,Directed Research Project,Dec 18/19/20,9:00,MDHAR,114,,AAA,ZZZ
ARTH 223,1,Intro Ital Renai Art 1300-1500,12/5/2019,14:00,MAASS,112,,AAA,ZZZ
ARTH 321,1,Visual Culture-Dutch Republic,12/9/2019,18:30,TAKE,HOME,,AAA,ZZZ
ARTH 339,1,Critical Issues-Contemp Art,12/16/2019,14:00,ARTS,W-215,,AAA,ZZZ
ARTH 354,1,Selected Topics Art History 2,12/12/2019,18:30,LEACOCK,232,,AAA,ZZZ
ATOC 181,1,Intro to Atmospheric Science,12/9/2019,9:00,GYM,305,1-6,AAA,LIN
ATOC 181,1,Intro to Atmospheric Science,12/9/2019,9:00,GYM,408,1-6,LOI,ZZZ
ATOC 185,1,Natural Disasters,12/19/2019,18:30,GYM,main gym,3-41,AAA,ZZZ
ATOC 214,1,Intro:Physics of the Atmosph,12/16/2019,14:00,BURN,1B45,,AAA,ZZZ
ATOC 312,1,Rotating Fluid Dynamics,12/12/2019,9:00,BURN,719A,,AAA,ZZZ
ATOC 315,1,Thermodynamics and Convection,12/16/2019,14:00,BURN,719A,,AAA,ZZZ
ATOC 404,1,Climate Physics,12/18/2019,9:00,BURN,719A,,AAA,ZZZ
ATOC 512,1,Atmospheric & Oceanic Dynamics,12/20/2019,9:00,BURN,719A,,AAA,ZZZ
ATOC 531,1,Dynamics of Current Climates,12/5/2019,9:00,BURN,719A,,AAA,ZZZ
ATOC 540,1,Synoptic Meteorology 1,12/19/2019,9:00,BURN,719A,,AAA,ZZZ
BIEN 200,1,Introduction to Bioengineering,12/13/2019,9:00,GYM,Fieldhouse,43-45,AAA,ZZZ
BIEN 290,1,Bioengineering Measurement Lab,12/5/2019,14:00,ENGTR,1100,,AAA,ZZZ
BIEN 310,1,Intro to Biomolecular Eng,12/12/2019,14:00,ENGTR,0060,,AAA,ZZZ
BIEN 314,1,Transp. Phenom in Biol. Sys 1,12/18/2019,9:00,GYM,main gym,18-19,AAA,ZZZ
BIEN 350,1,"Biosignals, Systems & Control",12/19/2019,9:00,GYM,Fieldhouse,38-39,AAA,ZZZ
BIEN 410,1,Comput Methods in Biomol Eng,12/17/2019,9:00,ENGTR,0060,,AAA,ZZZ
BIOC 311,1,Metabolic Biochemistry,12/19/2019,9:00,GYM,Fieldhouse,25-37,AAA,ZZZ
BIOC 320,1,Lab Meth in Biochem&Mol Biol 2,12/10/2019,18:30,GYM,Studio 1,1-4,AAA,ZZZ
BIOC 450,1,Protein Structure and Function,12/10/2019,9:00,GYM,Fieldhouse,42-44,AAA,ZZZ
BIOC 454,1,Nucleic Acids,12/6/2019,9:00,GYM,main gym,40-44,AAA,ZZZ
BIOL 111,1,Principles:Organismal Biology,12/9/2019,9:00,GYM,Fieldhouse,27-41,AAA,ZZZ
BIOL 115,1,Essential Biology,12/11/2019,14:00,GYM,Fieldhouse,18-27,AAA,ZZZ
BIOL 200,1,Molecular Biology,12/9/2019,18:30,GYM,Fieldhouse,22-36,AAA,ZZZ
BIOL 200,2,Molecular Biology,12/9/2019,18:30,GYM,Fieldhouse,1-21,AAA,ZZZ
BIOL 210,1,Perspectives of Science,12/16/2019,9:00,STBIO,S1/4,,AAA,ZZZ
BIOL 215,1,Intro to Ecology and Evolution,12/10/2019,18:30,GYM,Fieldhouse,27-32,AAA,ZZZ
BIOL 219,1,Intro to Phys Mol & Cell Biol,12/19/2019,9:00,STBIO,S1/4,,AAA,ZZZ
BIOL 300,1,Molecular Biology of the Gene,12/13/2019,9:00,GYM,main gym,32-38,AAA,ZZZ
BIOL 301,1,Cell and Molecular Laboratory,12/9/2019,18:30,GYM,main gym,25-36,AAA,ZZZ
BIOL 304,1,Evolution,12/18/2019,14:00,STBIO,S1/4,,AAA,ZZZ
BIOL 306,1,Neural Basis of Behaviour,12/17/2019,9:00,GYM,Studio 1,1-7,AAA,PAQ
BIOL 306,1,Neural Basis of Behaviour,12/17/2019,9:00,GYM,Studio 2,1-7,PAR,ZZZ
BIOL 308,1,Ecological Dynamics,12/19/2019,18:30,GYM,Fieldhouse,39-41,AAA,ZZZ
BIOL 309,1,Mathematical Models in Biology,12/13/2019,9:00,GYM,Fieldhouse,17-18,AAA,ZZZ
BIOL 314,1,Molecular Biology of Oncogenes,12/9/2019,9:00,GYM,main gym,12-14,AAA,ZZZ
BIOL 316,1,Biomembranes and Organelles,12/18/2019,14:00,STBIO,S3/4,,AAA,ZZZ
BIOL 324,1,Ecological Genetics,12/13/2019,14:00,STBIO,S3/4,,AAA,ZZZ
BIOL 350,1,Insect Biology and Control,12/13/2019,9:00,STBIO,S3/4,,AAA,ZZZ
BIOL 370,1,Human Genetics Applied,12/9/2019,14:00,GYM,Fieldhouse,38,AAA,ZZZ
BIOL 373,1,Biometry,12/5/2019,18:30,GYM,main gym,37-38,AAA,ZZZ
BIOL 395,1,Quantitative Biology Seminar,12/18/2019,9:00,STBIO,S1/4,,AAA,ZZZ
BIOL 414,1,Invert Brain Circuits & Behav,12/20/2019,9:00,STBIO,S3/4,,AAA,ZZZ
BIOL 432,1,Limnology,12/11/2019,9:00,GYM,Fieldhouse,38,AAA,ZZZ
BIOL 465,1,Conservation Biology,12/5/2019,9:00,GYM,Fieldhouse,39-41,AAA,ZZZ
BMDE 503,1,Biomedical Instrumentation,12/19/2019,9:00,DUFF,321,,AAA,ZZZ
BMDE 519,1,Biomedical Signals & Systems,12/20/2019,18:30,TAKE,HOME,,AAA,ZZZ
BREE 210,1,Mechanical Analysis & Design,12/19/2019,14:00,CENTEN,Ballroom,,AAA,ZZZ
BREE 216,1,Bioresource Eng. Materials,12/16/2019,14:00,CENTEN,Ballroom,,AAA,ZZZ
BREE 319,1,Engineering Mathematics,12/10/2019,14:00,CENTEN,Ballroom,,AAA,ZZZ
BREE 322,1,Organic Waste Management,12/5/2019,9:00,CENTEN,Ballroom,,AAA,ZZZ
BREE 324,1,Elements of Food Engineering,12/16/2019,9:00,CENTEN,Ballroom,,AAA,ZZZ
BREE 325,1,Food Process Engineering,12/16/2019,9:00,CENTEN,Ballroom,,AAA,ZZZ
BREE 327,1,Bio-Environmental Engineering,12/13/2019,14:00,CENTEN,Ballroom,,AAA,ZZZ
BTEC 501,1,Bioinformatics,12/12/2019,9:00,CENTEN,Ballroom,,AAA,ZZZ
BTEC 620,3,Biotechnology Laboratory 1,12/19/2019,14:00,CENTEN,Ballroom,,AAA,ZZZ
BUSA 364,51,Business Law 1,12/10/2019,9:00,GYM,Fieldhouse,7-9,AAA,ZZZ
BUSA 391,71,International Business Law,12/9/2019,14:00,GYM,Fieldhouse,35,AAA,ZZZ
CANS 200,1,Intro to the Study of Canada,12/13/2019,9:00,GYM,Fieldhouse,11-16,AAA,ZZZ
CANS 303,1,Topics in Canadian Studies 3,12/16/2019,18:30,ARTS,W-20,,AAA,ZZZ
CANS 405,1,Canadian Studies Seminar 5,12/6/2019,18:30,TAKE,HOME,,AAA,ZZZ
CHEE 200,1,Chem Engineering Principles 1,12/6/2019,9:00,GYM,Studio 1,1-6,AAA,ZZZ
CHEE 231,1,Data Anal & Design of Exp,12/12/2019,14:00,GYM,main gym,30-36,AAA,ZZZ
CHEE 291,1,Instrumentation&Measurement 1,12/19/2019,14:00,GYM,Fieldhouse,1-4,AAA,ZZZ
CHEE 314,1,Fluid Mechanics,12/11/2019,14:00,GYM,Fieldhouse,37-38,AAA,ZZZ
CHEE 370,1,Elements of Biotechnology,12/19/2019,18:30,GYM,Fieldhouse,22-23,AAA,ZZZ
CHEE 380,1,Materials Science,12/9/2019,14:00,GYM,Fieldhouse,36-37,AAA,ZZZ
CHEE 400,1,Princ of Energy Conversion,12/10/2019,9:00,GYM,BLEACHERS,1-4,AAA,ZZZ
CHEE 423,1,Chemical Reaction Engineering,12/18/2019,9:00,ENGTR,0100,,AAA,ZZZ
CHEE 453,1,Process Design,12/20/2019,9:00,ENGTR,0100,,AAA,ZZZ
CHEE 456,1,Design Project 1,12/16/2019,9:00,RPHYS,112,,AAA,ZZZ
CHEE 457,1,Design Project 2,12/17/2019,9:00,RPHYS,112,,AAA,ZZZ
CHEE 474,1,Biochemical Engineering,12/6/2019,9:00,STBIO,S3/3,,AAA,ZZZ
CHEE 543,1,Plasma Engineering,12/12/2019,14:00,ENGTR,2110,,AAA,ZZZ
CHEM 110,1,General Chemistry 1,12/18/2019,14:00,GYM,Fieldhouse,1-29,AAA,ZZZ
CHEM 110,2,General Chemistry 1,12/18/2019,14:00,GYM,Fieldhouse,1-29,AAA,ZZZ
CHEM 183,1,World of Chem: Drugs,12/6/2019,18:30,GYM,Fieldhouse,,AAA,ZZZ
CHEM 203,1,Survey of Physical Chemistry,12/20/2019,9:00,GYM,Fieldhouse,9-13,AAA,ZZZ
CHEM 204,1,Physical Chem./Biol.Sci. 1,12/11/2019,14:00,GYM,Fieldhouse,28-31,AAA,ZZZ
CHEM 211,1,Organic Chemistry 1 Lectures,12/17/2019,14:00,GYM,Fieldhouse,1-23,AAA,ZZZ
CHEM 212,1,Intro Organic Chemistry 1,12/17/2019,14:00,GYM,Fieldhouse,1-23,AAA,ZZZ
CHEM 213,1,Introductory Phys Chem1:Thermo,12/11/2019,9:00,GYM,main gym,3-5,AAA,ZZZ
CHEM 222,1,Intro Organic Chemistry 2,12/5/2019,14:00,GYM,main gym,19-32,AAA,ZZZ
CHEM 234,1,Topics in Organic Chemistry,12/5/2019,14:00,GYM,main gym,19-32,AAA,ZZZ
CHEM 267,1,Introductory Chemical Analysis,12/6/2019,14:00,GYM,Fieldhouse,16-17,AAA,ZZZ
CHEM 302,1,Intro Organic Chemistry 3,12/17/2019,14:00,GYM,main gym,7-13,AAA,ZZZ
CHEM 345,1,Intro to Quantum Chemistry,12/12/2019,18:30,GYM,main gym,32-33,AAA,ZZZ
CHEM 367,1,Instrumental Analysis 1,12/10/2019,9:00,GYM,Fieldhouse,45-46,AAA,ZZZ
CHEM 381,1,Inorganic Chemistry 2,12/20/2019,9:00,GYM,main gym,32-33,AAA,ZZZ
CHEM 429,1,"Chem of Energy, Storage & Util",12/20/2019,14:00,TAKE,HOME,,AAA,ZZZ
CHEM 503,1,Drug Discovery,12/19/2019,9:00,MAASS,10,,AAA,ZZZ
CHEM 520,1,Methods in Chemical Biology,12/18/2019,9:00,MAASS,328,,AAA,ZZZ
CHEM 522,1,Stereochemistry,12/13/2019,14:00,MAASS,217,,AAA,ZZZ
CHEM 532,1,Structural Organic Chemistry,12/20/2019,9:00,MAASS,217,,AAA,ZZZ
CHEM 534,1,Nanoscience and Nanotechnology,12/11/2019,9:00,TAKE,HOME,,AAA,ZZZ
CHEM 556,1,Advanced Quantum Mechanics,12/18/2019,14:00,MAASS,328,,AAA,ZZZ
CIVE 205,1,Statics,12/6/2019,14:00,GYM,Fieldhouse,40-44,AAA,ZZZ
CIVE 207,1,Solid Mechanics,12/9/2019,18:30,GYM,BLEACHERS,1-5,AAA,ZZZ
CIVE 208,1,Civil Engineering Sys Analysis,12/11/2019,9:00,GYM,main gym,6-11,AAA,ZZZ
CIVE 281,1,Analytical Mechanics,12/20/2019,9:00,GYM,Fieldhouse,14-18,AAA,ZZZ
CIVE 290,1,Thermodynamics & Heat Transfer,12/17/2019,18:30,GYM,main gym,6-12,AAA,ZZZ
CIVE 311,1,Geotechnical Mechanics,12/6/2019,9:00,GYM,Fieldhouse,39-42,AAA,ZZZ
CIVE 317,1,Structural Engineering 1,12/10/2019,9:00,GYM,Fieldhouse,36-38,AAA,ZZZ
CIVE 320,1,Numerical Methods,12/11/2019,14:00,GYM,Fieldhouse,32-34,AAA,ZZZ
CIVE 323,1,Hydrology and Water Resources,12/16/2019,9:00,GYM,Fieldhouse,41-44,AAA,ZZZ
CIVE 385,1,Structural Steel&Timber Design,12/19/2019,18:30,GYM,main gym,42-44,AAA,ZZZ
CIVE 440,1,Traffic Engineering&Simulation,12/6/2019,9:00,GYM,Fieldhouse,45,AAA,ZZZ
CIVE 446,1,Construction Engineering,12/17/2019,14:00,GYM,main gym,14-15,AAA,ZZZ
CIVE 460,1,Matrix Structural Analysis,12/10/2019,9:00,GYM,main gym,44-45,AAA,ZZZ
CIVE 462,1,Design of Steel Structures,12/5/2019,14:00,GYM,main gym,33-36,AAA,ZZZ
CIVE 527,1,Renov&Preserv:Infrastructure,12/18/2019,9:00,GYM,Studio 2,1-4,AAA,ZZZ
CIVE 557,1,Microbio for Environmental Eng,12/20/2019,9:00,ENGTR,0070,,AAA,ZZZ
CIVE 560,1,Transportation Safety & Design,12/9/2019,9:00,ENGTR,0070,,AAA,ZZZ
CLAS 201,1,Greece and Rome,12/5/2019,18:30,GYM,main gym,19-26,AAA,ZZZ
CLAS 210,1,Introductory Latin 1,12/12/2019,9:00,MAASS,10,,AAA,ZZZ
CLAS 210,2,Introductory Latin 1,12/12/2019,9:00,MAASS,10,,AAA,ZZZ
CLAS 210,3,Introductory Latin 1,12/12/2019,9:00,BURN,1B36,,AAA,ZZZ
CLAS 220,1,Introductory Ancient Greek 1,12/17/2019,18:30,GYM,main gym,13-14,AAA,ZZZ
CLAS 301,1,Ancient Greek Lit & Society,12/10/2019,18:30,ARTS,260,,AAA,ZZZ
CLAS 305,1,Roman Religion,12/19/2019,18:30,GYM,Fieldhouse,35-37,AAA,ZZZ
CLAS 310,1,Intermediate Latin 1,12/20/2019,9:00,ARTS,260,,AAA,ZZZ
CLAS 320,1,Intermediate Ancient Greek 1,12/13/2019,14:00,ARTS,W-20,,AAA,ZZZ
CLAS 331,1,Intermediate Modern Greek 1,12/11/2019,9:00,LEA,819,,AAA,ZZZ
CLAS 402,1,Hellenistic Lit. and Society,12/9/2019,9:00,TAKE,HOME,,AAA,ZZZ
CLAS 410,1,Advanced Latin: Authors,12/17/2019,14:00,ARTS,260,,AAA,ZZZ
CLAS 420,1,Advanced Ancient Greek: Author,12/16/2019,14:00,LEA,808,,AAA,ZZZ
CLAS 610,1,Readings in Latin Literature,12/17/2019,14:00,ARTS,260,,AAA,ZZZ
CLAS 620,1,Readings in Ancient Greek Lit,12/16/2019,14:00,LEA,808,,AAA,ZZZ
COMP 202,2,Foundations of Programming,12/16/2019,18:30,GYM,Fieldhouse,11-35,AAA,ZZZ
COMP 202,3,Foundations of Programming,12/16/2019,18:30,GYM,Fieldhouse,11-35,AAA,ZZZ
COMP 204,1,Comp. Programming for Life Sci,12/6/2019,9:00,GYM,main gym,16-23,AAA,ZZZ
COMP 206,1,Intro to Software Systems,12/11/2019,9:00,GYM,Fieldhouse,7-24,AAA,ZZZ
COMP 208,1,Computer Programming for PS&E,12/16/2019,9:00,GYM,Fieldhouse,28-36,AAA,ZZZ
COMP 208,2,Computer Programming for PS&E,12/16/2019,9:00,GYM,Fieldhouse,28-36,AAA,ZZZ
COMP 230,1,Logic and Computability,12/17/2019,9:00,GYM,BLEACHERS,1-5,AAA,ZZZ
COMP 250,1,Intro to Computer Science,12/16/2019,9:00,GYM,Fieldhouse,1-24,AAA,ZZZ
COMP 250,2,Intro to Computer Science,12/16/2019,9:00,GYM,Fieldhouse,1-24,AAA,ZZZ
COMP 251,1,Algorithms and Data Structures,12/16/2019,18:30,GYM,main gym,3-29,AAA,ZZZ
COMP 273,1,Intro to Computer Systems,12/5/2019,14:00,GYM,main gym,3-18,AAA,ZZZ
COMP 302,1,Programming Lang & Paradigms,12/12/2019,14:00,GYM,Fieldhouse,11-20,AAA,ZZZ
COMP 302,2,Programming Lang & Paradigms,12/12/2019,14:00,GYM,Fieldhouse,11-20,AAA,ZZZ
COMP 303,1,Software Design,12/9/2019,18:30,GYM,Fieldhouse,39-46,AAA,ZZZ
COMP 310,1,Operating Systems,12/18/2019,9:00,GYM,Fieldhouse,32-39,AAA,ZZZ
COMP 330,1,Theory of Computation,12/19/2019,9:00,GYM,main gym,31-45,AAA,ZZZ
COMP 350,1,Numerical Computing,12/11/2019,14:00,GYM,main gym,3-16,AAA,ZZZ
COMP 360,1,Algorithm Design,12/16/2019,9:00,GYM,Studio 1,1-7,AAA,McC
COMP 360,1,Algorithm Design,12/16/2019,9:00,GYM,Studio 2,1-7,MEY,ZZZ
COMP 361D1,1,Software Engineering Project,12/11/2019,9:00,GYM,main gym,12-17,AAA,ZZZ
COMP 462,1,Computational Biology Methods,12/19/2019,14:00,GYM,main gym,39-44,AAA,ZZZ
COMP 521,1,Modern Computer Games,12/10/2019,14:00,GYM,BLEACHERS,1-4,AAA,ZZZ
COMP 553,1,Algorithmic Game Theory,12/9/2019,9:00,GYM,main gym,34-37,AAA,ZZZ
COMP 557,1,Fundamentals of Comp. Graphics,12/16/2019,14:00,GYM,Fieldhouse,39-43,AAA,ZZZ
COMP 557,3,Fundamentals of Comp. Graphics,12/16/2019,14:00,GYM,Fieldhouse,39-43,AAA,ZZZ
COMP 558,1,Fund. of Computer Vision,12/5/2019,9:00,GYM,Studio 1,1-5,AAA,ZZZ
COMP 561,1,Comp. Biol. Methods & Research,12/19/2019,14:00,GYM,main gym,39-44,AAA,ZZZ
COMP 598,8,Topics in Computer Science 1,12/9/2019,14:00,GYM,main gym,25-30,AAA,ZZZ
COMP 599,3,Topics in Computer Science 2,12/9/2019,14:00,GYM,main gym,25-30,AAA,ZZZ
COMS 301,1,Core Concepts in Critic Theory,12/16/2019,14:00,TAKE,HOME,,AAA,ZZZ
COMS 361,1,Selected Topics Comm Studies 1,12/10/2019,14:00,TAKE,HOME,,AAA,ZZZ
COMS 362,1,Selected Topics Comm Studies 2,12/17/2019,9:00,TAKE,HOME,,AAA,ZZZ
EAST 213,1,Intro:East Asian Culture:Korea,12/11/2019,14:00,TAKE,HOME,,AAA,ZZZ
EAST 241,1,Japanese Writing Beginners 1,12/16/2019,14:00,SH688,295,,AAA,ZZZ
EAST 341,1,Japanese Writing Intermed. 1,12/19/2019,9:00,SH688,295,,AAA,ZZZ
ECON 208,1,Microeconomic Analysis&Applic,12/9/2019,14:00,GYM,Fieldhouse,9-19,AAA,ZZZ
ECON 208,2,Microeconomic Analysis&Applic,12/9/2019,14:00,GYM,Fieldhouse,20-30,AAA,ZZZ
ECON 208,3,Microeconomic Analysis&Applic,12/9/2019,14:00,GYM,Fieldhouse,1-8,AAA,ZZZ
ECON 208,4,Microeconomic Analysis&Applic,12/9/2019,14:00,GYM,Fieldhouse,31-34,AAA,ZZZ
ECON 209,1,Macroeconomic Analysis&Applic,12/18/2019,9:00,GYM,BLEACHERS,1-5,AAA,ZZZ
ECON 227D1,1,Economic Statistics,12/16/2019,14:00,GYM,main gym,3-22,AAA,ZZZ
ECON 227D1,2,Economic Statistics,12/16/2019,14:00,GYM,main gym,3-22,AAA,ZZZ
ECON 227D1,3,Economic Statistics,12/16/2019,14:00,GYM,main gym,3-22,AAA,ZZZ
ECON 227D1,5,Economic Statistics,12/16/2019,14:00,GYM,main gym,23-25,AAA,ZZZ
ECON 230D1,1,Microeconomic Theory,12/19/2019,9:00,GYM,Fieldhouse,7-12,AAA,ZZZ
ECON 230D1,2,Microeconomic Theory,12/19/2019,9:00,GYM,Fieldhouse,13-20,AAA,ZZZ
ECON 250D1,1,Intro to Econ Theory: Honours,12/19/2019,9:00,GYM,Fieldhouse,21-24,AAA,ZZZ
ECON 257D1,1,Economic Statistics-Honours,12/13/2019,9:00,GYM,main gym,39-45,AAA,ZZZ
ECON 295,1,Macroeconomics Policy,12/19/2019,9:00,GYM,Fieldhouse,40-44,AAA,ZZZ
ECON 295,2,Macroeconomics Policy,12/19/2019,9:00,GYM,Fieldhouse,40-44,AAA,ZZZ
ECON 302,1,"Money, Banking & Gov Policy",12/6/2019,14:00,GYM,Fieldhouse,28-34,AAA,ZZZ
ECON 305,1,Industrial Organization,12/12/2019,14:00,GYM,Fieldhouse,33-35,AAA,ZZZ
ECON 306,1,Labour Markets and Wages,12/16/2019,18:30,GYM,Fieldhouse,1-4,AAA,ZZZ
ECON 313,1,Economic Development 1,12/18/2019,14:00,GYM,main gym,1-14,AAA,ZZZ
ECON 313,2,Economic Development 1,12/18/2019,14:00,GYM,Studio 1,1-5,AAA,KWO
ECON 313,2,Economic Development 1,12/18/2019,14:00,GYM,Studio 2,1-6,LAF,ZZZ
ECON 319,1,Economic Crises,12/17/2019,18:30,GYM,main gym,15-24,AAA,ZZZ
ECON 337,1,Intro Econometrics 1,12/10/2019,9:00,GYM,Studio 1,1-6,AAA,ZZZ
ECON 352D1,1,Macroeconomics - Honours,12/9/2019,14:00,GYM,main gym,31-34,AAA,ZZZ
ECON 408,1,Public Sector Economics 1,12/11/2019,14:00,GYM,BLEACHERS,1-5,AAA,ZZZ
ECON 423,1,International Trade,12/17/2019,14:00,GYM,Fieldhouse,33-37,AAA,ZZZ
ECON 426,1,Labour Economics,12/11/2019,9:00,GYM,Fieldhouse,39-40,AAA,ZZZ
ECON 452,1,Adv Economic Theory 2-Honours,12/6/2019,14:00,GYM,305,1-5,AAA,ZZZ
ECON 468,1,Econometrics 1 - Honours,12/18/2019,9:00,GYM,Fieldhouse,16-17,AAA,ZZZ
ECON 546,1,Game Theory,12/5/2019,9:00,GYM,Fieldhouse,44-45,AAA,ZZZ
ECSE 200,1,Electric Circuits 1,12/12/2019,9:00,GYM,Fieldhouse,21-25,AAA,ZZZ
ECSE 202,1,Intro to Software Development,12/13/2019,14:00,GYM,main gym,24-37,AAA,ZZZ
ECSE 205,1,Prob and Stats for Engineers,12/6/2019,14:00,GYM,Studio 1,1-7,AAA,MWI
ECSE 205,1,Prob and Stats for Engineers,12/6/2019,14:00,GYM,Studio 2,1-6,NAK,ZZZ
ECSE 206,1,Intro to Signals and Systems,12/18/2019,9:00,GYM,Fieldhouse,18,AAA,ZZZ
ECSE 210,1,Electric Circuits 2,12/20/2019,9:00,GYM,main gym,1-2,AAA,ZZZ
ECSE 222,1,Digital Logic,12/10/2019,9:00,ENGTR,0100,,AAA,ZZZ
ECSE 223,1,Model-Based Programming,12/5/2019,18:30,GYM,main gym,39-44,AAA,ZZZ
ECSE 251,1,Electric and Magnetic Fields,12/6/2019,9:00,GYM,Fieldhouse,43-44,AAA,ZZZ
ECSE 307,1,Linear Systems and Control,12/18/2019,9:00,GYM,Studio 1,1-4,AAA,ZZZ
ECSE 308,1,Intro to Commun Sys & Networks,12/12/2019,9:00,GYM,Fieldhouse,38-40,AAA,ZZZ
ECSE 309,1,Fund. of Comm Systems&Networks,12/12/2019,9:00,GYM,Fieldhouse,38-40,AAA,ZZZ
ECSE 321,1,Intro. to Software Engineering,12/6/2019,9:00,GYM,Fieldhouse,35-38,AAA,ZZZ
ECSE 324,1,Computer Organization,12/9/2019,18:30,GYM,main gym,13-24,AAA,ZZZ
ECSE 326,1,Software Requirements Engineer,12/17/2019,18:30,GYM,Fieldhouse,11-14,AAA,ZZZ
ECSE 331,1,Electronics,12/11/2019,9:00,GYM,main gym,18-23,AAA,ZZZ
ECSE 334,1,Intro. to Microelectronics,12/18/2019,9:00,GYM,main gym,33-35,AAA,ZZZ
ECSE 335,1,Microelectronics,12/18/2019,9:00,GYM,main gym,33-35,AAA,ZZZ
ECSE 352,1,Electromagnetic Waves,12/19/2019,9:00,GYM,main gym,28-30,AAA,ZZZ
ECSE 353,1,Electromagnetic Fields&Waves,12/19/2019,18:30,GYM,Fieldhouse,24-25,AAA,ZZZ
ECSE 354,1,Electromag Wave Propagation,12/19/2019,9:00,GYM,main gym,28-30,AAA,ZZZ
ECSE 361,1,Power Engineering,12/17/2019,9:00,GYM,Fieldhouse,40-41,AAA,ZZZ
ECSE 362,1,Fundamentals of Power Eng,12/17/2019,9:00,GYM,Fieldhouse,40-41,AAA,ZZZ
ECSE 403,1,Control,12/16/2019,9:00,GYM,main gym,36-38,AAA,ZZZ
ECSE 408,1,Communication Systems,12/6/2019,14:00,ENGTR,0060,,AAA,ZZZ
ECSE 412,1,Discrete TimeSignal Processing,12/10/2019,18:30,GYM,main gym,1-3,AAA,ZZZ
ECSE 415,1,Intro to Computer Vision,12/11/2019,14:00,GYM,main gym,17-23,AAA,ZZZ
ECSE 427,1,Operating Systems,12/18/2019,9:00,GYM,Fieldhouse,32-39,AAA,ZZZ
ECSE 437,1,Software Delivery,12/17/2019,14:00,GYM,main gym,16-19,AAA,ZZZ
ECSE 446,1,Realistic Image Synthesis,12/9/2019,14:00,GYM,main gym,25-30,AAA,ZZZ
ECSE 461,1,Electric Machinery,12/6/2019,14:00,GYM,BLEACHERS,1-5,AAA,ZZZ
ECSE 501,1,Linear Systems,12/5/2019,18:30,ENGTR,0060,,AAA,ZZZ
ECSE 501,2,Linear Systems,12/5/2019,18:30,ENGTR,0060,,AAA,ZZZ
ECSE 509,1,Probability & Random Signals 2,12/17/2019,14:00,ENGTR,1100,,AAA,ZZZ
ECSE 509,2,Probability & Random Signals 2,12/17/2019,14:00,ENGTR,1100,,AAA,ZZZ
ECSE 512,1,Digital Signal Processing 1,12/10/2019,18:30,GYM,main gym,1-3,AAA,ZZZ
ECSE 512,2,Digital Signal Processing 1,12/10/2019,18:30,GYM,main gym,1-3,AAA,ZZZ
ECSE 519,1,Semicon Nanostr & Nanophot Dev,12/16/2019,9:00,TAKE,HOME,,AAA,ZZZ
ECSE 519,2,Semicon Nanostr & Nanophot Dev,12/16/2019,9:00,TAKE,HOME,,AAA,ZZZ
ECSE 534,1,Analog Microelectronics,12/17/2019,18:30,TAKE,HOME,,AAA,ZZZ
ECSE 534,2,Analog Microelectronics,12/17/2019,18:30,TAKE,HOME,,AAA,ZZZ
ECSE 546,1,Advanced Image Synthesis,12/9/2019,14:00,GYM,main gym,25-30,AAA,ZZZ
ECSE 546,2,Advanced Image Synthesis,12/9/2019,14:00,GYM,main gym,25-30,AAA,ZZZ
EDEC 247,1,Policy Issues in Quebec Educ,12/17/2019,9:00,GYM,Fieldhouse,32-39,AAA,ZZZ
EDEC 247,2,Policy Issues in Quebec Educ,12/17/2019,9:00,GYM,Fieldhouse,32-39,AAA,ZZZ
EDEC 247,761,Policy Issues in Quebec Educ,12/17/2019,9:00,GYM,Fieldhouse,32-39,AAA,ZZZ
EDEE 230,1,Elementary School Math. 1,12/16/2019,9:00,TAKE,HOME,,AAA,ZZZ
EDEE 230,2,Elementary School Math. 1,12/16/2019,9:00,TAKE,HOME,,AAA,ZZZ
EDEE 230,3,Elementary School Math. 1,12/16/2019,9:00,TAKE,HOME,,AAA,ZZZ
EDEE 280,1,"Geog., Hist. & Citizenship Ed.",12/18/2019,9:00,GYM,Fieldhouse,9-12,AAA,ZZZ
EDKP 261,1,Motor Development,12/9/2019,14:00,GYM,BLEACHERS,1-5,AAA,ZZZ
EDKP 261,2,Motor Development,12/9/2019,14:00,GYM,BLEACHERS,1-5,AAA,ZZZ
EDKP 292,1,Nutrition and Wellness,12/12/2019,9:00,GYM,Fieldhouse,1-7,AAA,ZZZ
EDKP 293,1,Anatomy and Physiology,12/19/2019,18:30,GYM,Fieldhouse,26-27,AAA,ZZZ
EDKP 330,1,Physical Activity and Health,12/18/2019,9:00,GYM,main gym,21-29,AAA,ZZZ
EDKP 330,002,Physical Activity and Health,12/18/2019,9:00,GYM,main gym,21-29,AAA,ZZZ
EDKP 391,001,Physiology in Sport & Exercise,12/16/2019,9:00,GYM,main gym,39-41,AAA,ZZZ
EDKP 395,001,Exercise Physiology,12/16/2019,9:00,GYM,Fieldhouse,25-27,AAA,ZZZ
EDKP 396,001,Adapted Physical Activity,12/19/2019,14:00,GYM,Fieldhouse,36-39,AAA,ZZZ
EDKP 396,002,Adapted Physical Activity,12/19/2019,14:00,GYM,Fieldhouse,36-39,AAA,ZZZ
EDKP 444,001,Ergonomics,12/5/2019,14:00,GYM,Fieldhouse,45-46,AAA,ZZZ
EDKP 445,001,Exercise Metabolism,12/6/2019,14:00,GYM,408,,AAA,ZZZ
EDKP 498,001,Sport Psychology,12/11/2019,9:00,GYM,main gym,24-32,AAA,ZZZ
EDKP 498,002,Sport Psychology,12/11/2019,9:00,GYM,main gym,24-32,AAA,ZZZ
EDKP 498,003,Sport Psychology,12/11/2019,9:00,GYM,main gym,24-32,AAA,ZZZ
EDSL 305,001,L2 Learning:Classroom Settings,12/12/2019,14:00,GYM,main gym,37-40,AAA,ZZZ
ENGL 202,001,Dept. Survey of English Lit. 1,12/12/2019,14:00,GYM,main gym,3-12,AAA,ZZZ
ENGL 215,001,Intro to Shakespeare,12/5/2019,9:00,TAKE,HOME,,AAA,ZZZ
ENGL 229,001,Canadian Literature 2,12/13/2019,14:00,GYM,main gym,42-45,AAA,ZZZ
ENGL 230,001,Intro to Theatre Studies,12/20/2019,9:00,ARTS,W-215,,AAA,ZZZ
ENGL 277,001,Introduction to Film Studies,12/19/2019,14:00,GYM,BLEACHERS,1-5,AAA,ZZZ
ENGL 311,001,Poetics,12/6/2019,14:00,GYM,main gym,27-33,AAA,ZZZ
ENGL 311,002,Poetics,12/6/2019,14:00,GYM,main gym,27-33,AAA,ZZZ
ENGL 311,003,Poetics,12/6/2019,14:00,GYM,main gym,27-33,AAA,ZZZ
ENGL 311,004,Poetics,12/6/2019,14:00,GYM,main gym,27-33,AAA,ZZZ
ENGL 313,001,Canadian Drama and Theatre,12/10/2019,9:00,TAKE,HOME,,AAA,ZZZ
ENGL 316,001,Milton,12/11/2019,14:00,TAKE,HOME,,AAA,ZZZ
ENGL 318,001,Theory of English Studies 2,12/13/2019,9:00,GYM,Fieldhouse,9,AAA,ZZZ
ENGL 322,001,Theories of the Text,12/9/2019,14:00,TAKE,HOME,,AAA,ZZZ
ENGL 326,001,19th Century American Prose,12/17/2019,18:30,GYM,main gym,25-27,AAA,ZZZ
ENGL 335,001,The 20th Century Novel 1,12/10/2019,9:00,TAKE,HOME,,AAA,ZZZ
ENGL 356,001,Middle English,12/5/2019,14:00,TAKE,HOME,,AAA,ZZZ
ENGL 422,001,Studies in 19th C American Lit,12/18/2019,14:00,TAKE,HOME,,AAA,ZZZ
ENTO 330,001,Insect Biology,12/19/2019,14:00,CENTEN,Ballroom,,AAA,ZZZ
ENTO 330,001L,Insect Biology,12/12/2019,14:M00a,donald Ste,art MSB-023,,AAA,ZZZ
ENVB 210,001,The Biophysical Environment,12/19/2019,9:00,CENTEN,Ballroom,,AAA,ZZZ
ENVB 301,001,Meteorology,12/18/2019,14:00,CENTEN,Ballroom,,AAA,ZZZ
ENVB 410,001,Ecosystem Ecology,12/9/2019,9:00,CENTEN,Ballroom,,AAA,ZZZ
ENVR 200,001,The Global Environment,12/10/2019,18:30,GYM,main gym,4-13,AAA,ZZZ
ENVR 200,051,The Global Environment,12/11/2019,14:00,CENTEN,Ballroom,,AAA,ZZZ
ENVR 201,001,"Society,Environ&Sustainability",12/17/2019,18:30,GYM,Fieldhouse,3-10,AAA,ZZZ
ENVR 203,051,"Knowledge, Ethics&Environment",12/17/2019,14:00,CENTEN,Ballroom,,AAA,ZZZ
EPSC 185,001,Natural Disasters,12/19/2019,18:30,GYM,main gym,3-41,AAA,ZZZ
EPSC 201,001,Understanding Planet Earth,12/10/2019,9:00,GYM,Fieldhouse,30-35,AAA,ZZZ
EPSC 210,001,Introductory Mineralogy,12/13/2019,14:00,ADAMS,348,,AAA,ZZZ
EPSC 220,001,Principles of Geochemistry,12/19/2019,9:00,ADAMS,211,,AAA,ZZZ
EPSC 221,001,General Geology,12/13/2019,9:00,GYM,BLEACHERS,1-5,AAA,ZZZ
EPSC 233,001,Earth and Life History,12/20/2019,9:00,ADAMS,348,,AAA,ZZZ
EPSC 303,001,Structural Geology,12/19/2019,9:00,ADAMS,348,,AAA,ZZZ
EPSC 320,001,Elementary Earth Physics,12/5/2019,14:00,ADAMS,315,,AAA,ZZZ
EPSC 340,001,Earth and Planetary Inference,12/11/2019,14:00,ADAMS,348,,AAA,ZZZ
EPSC 519,001,Isotopes in Earth & Env Sci,12/16/2019,9:00,TAKE,HOME,,AAA,ZZZ
ESYS 300,1,Investigating the Earth System,12/16/2019,9:00,TAKE,HOME,,AAA,ZZZ
EXMD 501,1,Clinical Applications of Regenerati,12/11/2019,9:00,ENGTR,0060,,AAA,ZZZ
EXMD 502,1,Advanced Endocrinology 1,12/16/2019,18:30,GYM,BLEACHERS,4-5,AAA,ZZZ
EXMD 504,1,Biology of Cancer,12/6/2019,14:00,GYM,Fieldhouse,18-20,AAA,ZZZ
EXMD 506,1,Adv Appl Cardiovascular Physio,12/9/2019,9:00,"BLOCK E GlenSite",EM1.3509,,AAA,ZZZ
EXMD 507,1,Adv Respiratory Physiology,12/6/2019,14:00,GYM,main gym,44-45,AAA,ZZZ
EXMD 510,1,Bioanalytical Separation Meth,12/18/2019,14:00,"DurfordHouse","Conference RoomF1",,AAA,ZZZ
FACC 220,1,Law for Architects & Engineers,12/9/2019,9:00,GYM,main gym,15-23,AAA,ZZZ
FACC 300,1,Engineering Economy,12/5/2019,9:00,GYM,Fieldhouse,1-11,AAA,ZZZ
FACC 300,2,Engineering Economy,12/5/2019,9:00,GYM,Fieldhouse,1-11,AAA,ZZZ
FACC 400,1,Eng Professional Practice,12/12/2019,18:30,GYM,Fieldhouse,33-44,AAA,ZZZ
FACC 400,2,Eng Professional Practice,12/12/2019,18:30,GYM,Fieldhouse,33-44,AAA,ZZZ
FDSC 200,1,Introduction to Food Science,12/19/2019,9:00,CENTEN,Ballroom,,AAA,ZZZ
FDSC 213,1,Analytical Chemistry 1,12/20/2019,9:00,CENTEN,Ballroom,,AAA,ZZZ
FDSC 230,1,Organic Chemistry,12/16/2019,9:00,CENTEN,Ballroom,,AAA,ZZZ
FDSC 300,1,Principles of Food Analysis 1,12/10/2019,14:00,CENTEN,Ballroom,,AAA,ZZZ
FDSC 405,1,Food Product Development,12/10/2019,9:00,CENTEN,Ballroom,,AAA,ZZZ
FDSC 442,1,Food Microbiology,12/17/2019,9:00,CENTEN,Ballroom,,AAA,ZZZ
FDSC 520,1,Biophysical Chemistry of Food,12/6/2019,14:00,CENTEN,Ballroom,,AAA,ZZZ
FDSC 626,1,Food Safety Risk Assessment,12/5/2019,14:00,CENTEN,Ballroom,,AAA,ZZZ
FDSC 651,1,Principles of Food Analysis 2,12/10/2019,14:00,CENTEN,Ballroom,,AAA,ZZZ
FILM 279,1,Introduction to Film History,12/6/2019,14:00,TAKE,HOME,,AAA,ZZZ
FINE 342,1,Corporate Finance,12/20/2019,9:00,GYM,Fieldhouse,38-41,AAA,ZZZ
FINE 342,2,Corporate Finance,12/20/2019,9:00,GYM,Fieldhouse,33-37,AAA,ZZZ
FINE 441,1,Investment Management,12/5/2019,18:30,GYM,Studio 1,1-6,AAA,McH
FINE 441,2,Investment Management,12/5/2019,18:30,GYM,Studio 1,1-6,AAA,McH
FINE 441,3,Investment Management,12/5/2019,18:30,GYM,Studio 1,7,AAA,McH
FINE 441,3,Investment Management,12/5/2019,18:30,GYM,Studio 2,1-7,McN,ZZZ
FINE 441,4,Investment Management,12/5/2019,18:30,GYM,Studio 1,7,AAA,McH
FINE 441,4,Investment Management,12/5/2019,18:30,GYM,Studio 2,1-7,McN,ZZZ
FINE 442,1,Capital Markets & Institutions,12/17/2019,9:00,GYM,main gym,29-37,AAA,ZZZ
FINE 442,2,Capital Markets & Institutions,12/17/2019,9:00,GYM,main gym,29-37,AAA,ZZZ
FINE 442,3,Capital Markets & Institutions,12/17/2019,9:00,GYM,main gym,29-37,AAA,ZZZ
FINE 445,1,Real Estate Finance,12/11/2019,14:00,GYM,main gym,24-29,AAA,ZZZ
FINE 445,2,Real Estate Finance,12/11/2019,14:00,GYM,main gym,24-29,AAA,ZZZ
FINE 447,1,Venture Capital & Ent Finance,12/20/2019,9:00,GYM,main gym,40-42,AAA,ZZZ
FINE 448,1,Financial Derivatives,12/19/2019,9:00,GYM,Studio 1,1-6,AAA,ZZZ
FINE 448,2,Financial Derivatives,12/19/2019,9:00,GYM,Studio 1,1-6,AAA,ZZZ
FINE 622,61,Modern Corporate Finance,5-Dec,18:00,ARMST,060,,AAA,ZZZ
FINE 639,1,Derivatives and Risk Management,9-Dec,14:00,ARMST,060,,AAA,ZZZ
FINE 648,1,Applied Corporate Finance,6-Dec,9:00,ARMST,060,,AAA,ZZZ
FINE 684,65,Fixed Income Analysis,12-Dec,13:00,ARMST,065,,AAA,ZZZ
FINE 688,65,Mergers and Acquistions,10-Dec,9:00,ARMST,065,,AAA,ZZZ
FMT4 005,1,Introduction to Plant Science,12/18/2019,9:00,CENTEN,Ballroom,,AAA,ZZZ
FMT4 006,1,Pesticides and the Environment,12/19/2019,14:00,CENTEN,Ballroom,,AAA,ZZZ
FMT4 014,1,Marketing Strategies,12/17/2019,14:00,CENTEN,Ballroom,,AAA,ZZZ
FMT4 015,1,Forest Management,12/18/2019,14:00,CENTEN,Ballroom,,AAA,ZZZ
FMT4 019,1,Nutrient Management Plan,12/13/2019,9:00,CENTEN,Ballroom,,AAA,ZZZ
FMT4 020,1,Conservation of Soil and Water,12/16/2019,9:00,CENTEN,Ballroom,,AAA,ZZZ
FMT4 022,1,Equipment Management,12/17/2019,9:00,CENTEN,Ballroom,,AAA,ZZZ
FMT4 028,1,Dairy Replacement Management,12/13/2019,14:00,CENTEN,Ballroom,,AAA,ZZZ
FMT4 031,1,Beef and Sheep Management,12/16/2019,14:00,CENTEN,Ballroom,,AAA,ZZZ
FMT4 035,1,Field Crop Management 1,12/11/2019,9:00,CENTEN,Ballroom,,AAA,ZZZ
FMTP 075,1,Langue française&communication,12/12/2019,9:00,CENTEN,CC-162,,AAA,ZZZ
FREN 250,1,Litt française avant 1800,12/16/2019,9:00,GYM,Fieldhouse,45-46,AAA,ZZZ
FREN 252,1,Littérature québécoise,12/18/2019,9:00,GYM,Fieldhouse,27-28,AAA,ZZZ
FREN 381,1,Littératures francophones 2,12/9/2019,14:00,ARTS,W-215,,AAA,ZZZ
FREN 453,1,Littérature du 20e siècle,12/10/2019,18:30,ARTS,W-5,,AAA,ZZZ
FREN 461,1,Enjeux litt et cult 1,12/12/2019,14:00,TAKE,HOME,,AAA,ZZZ
FREN 480,1,Litt. québécoise contemporaine,12/20/2019,9:00,ARTS,W-220,,AAA,ZZZ
FRSL 101,1,Beginners French 1,12/6/2019,9:00,AMLF,MS-37,,AAA,ZZZ
FRSL 101,2,Beginners French 1,12/6/2019,9:00,AMLF,MS-37,,AAA,ZZZ
FRSL 101,3,Beginners French 1,12/6/2019,9:00,AMLF,MS-37,,AAA,ZZZ
FRSL 101,4,Beginners French 1,12/6/2019,9:00,AMLF,MS-37,,AAA,ZZZ
FRSL 101,5,Beginners French 1,12/6/2019,9:00,AMLF,MS-37,,AAA,ZZZ
FRSL 101,6,Beginners French 1,12/6/2019,9:00,AMLF,MS-37,,AAA,ZZZ
FRSL 101,7,Beginners French 1,12/6/2019,9:00,AMLF,MS-37,,AAA,ZZZ
FRSL 101,8,Beginners French 1,12/6/2019,9:00,AMLF,MS-37,,AAA,ZZZ
FRSL 101,9,Beginners French 1,12/6/2019,9:00,AMLF,MS-37,,AAA,ZZZ
FRSL 101,10,Beginners French 1,12/6/2019,9:00,AMLF,MS-37,,AAA,ZZZ
GEOG 201,1,Intro Geo-Information Science,12/17/2019,14:00,TAKE,HOME,,AAA,ZZZ
GEOG 202,1,Statistics & Spatial Analysis,12/20/2019,9:00,BURN,511,,AAA,ZZZ
GEOG 203,1,Environmental Systems,12/12/2019,14:00,GYM,Fieldhouse,3-9,AAA,ZZZ
GEOG 216,1,Geography of the World Economy,12/16/2019,9:00,GYM,main gym,3-23,AAA,ZZZ
GEOG 272,1,Earth's Changing Surface,12/11/2019,9:00,GYM,Fieldhouse,41-43,AAA,ZZZ
GEOG 305,1,Soils and Environment,12/9/2019,18:30,GYM,main gym,37-38,AAA,ZZZ
GEOG 316,1,Political Geography,12/5/2019,9:00,GYM,Fieldhouse,12-13,AAA,ZZZ
GEOG 407,1,Issues in Geography,12/12/2019,14:00,TAKE,HOME,,AAA,ZZZ
GEOG 408,1,Geography of Development,12/20/2019,18:30,TAKE,HOME,,AAA,ZZZ
GEOG 417,1,Urban Geography,12/20/2019,14:00,TAKE,HOME,,AAA,ZZZ
GSFS 301,1,Current Topics 1,12/13/2019,18:30,TAKE,HOME,,AAA,ZZZ
HISP 218,1,Spanish Lang Intens-Elem,12/11/2019,9:00,GYM,Fieldhouse,44-45,AAA,ZZZ
HISP 218,2,Spanish Lang Intens-Elem,12/11/2019,9:00,GYM,Fieldhouse,44-45,AAA,ZZZ
HISP 219,1,Spanish Lang Intens-Intermed,12/11/2019,9:00,GYM,main gym,34-35,AAA,ZZZ
HISP 225,1,Hispanic Civilization 1,12/19/2019,18:30,GYM,Fieldhouse,28-31,AAA,ZZZ
HISP 243,1,Survey of Lat Amer Lit&Cult1,12/12/2019,9:00,GYM,Fieldhouse,43-44,AAA,ZZZ
HIST 202,1,Survey: Canada to 1867,12/18/2019,14:00,TAKE,HOME,,AAA,ZZZ
HIST 205,1,Ancient Mediterranean History,12/12/2019,18:30,GYM,Fieldhouse,18-23,AAA,ZZZ
HIST 208,1,Intro to East Asian History,12/19/2019,14:00,GYM,Studio 1,1-7,AAA,ZZZ
HIST 211,1,American History to 1865,12/12/2019,14:00,GYM,main gym,23-29,AAA,ZZZ
HIST 216,1,Intro to Russian History,12/11/2019,9:00,GYM,Fieldhouse,1-6,AAA,ZZZ
HIST 223,2,Indigenous Peoples and Empires,12/6/2019,14:00,GYM,Fieldhouse,21-25,AAA,ZZZ
HIST 226,1,E Central &SE Europe in 20th C,12/19/2019,9:00,GYM,Fieldhouse,1-3,AAA,ZZZ
HIST 249,1,Health&the Healer in West Hist,12/13/2019,18:30,TAKE,HOME,,AAA,ZZZ
HIST 292,1,History and the Environment,12/6/2019,14:00,ENGTR,1090,,AAA,ZZZ
HIST 298,1,Topics in History,12/17/2019,14:00,GYM,main gym,20-23,AAA,ZZZ
HIST 301,1,U.S. Mass Media,12/6/2019,18:30,TAKE,HOME,,AAA,ZZZ
HIST 302,1,IR History 1: 1750-1950,12/5/2019,14:00,TAKE,HOME,,AAA,ZZZ
HIST 309,1,Hist of Latin America to 1825,12/5/2019,9:00,TAKE,HOME,,AAA,ZZZ
HIST 315,1,Themes in World History,12/16/2019,18:30,GYM,main gym,39-42,AAA,ZZZ
HIST 315,2,Themes in World History,12/16/2019,18:30,GYM,main gym,43-44,AAA,ZZZ
HIST 333,1,Indigenous Peoples & French,12/20/2019,14:00,TAKE,HOME,,AAA,ZZZ
HIST 335,1,Science and Medicine in Canada,12/19/2019,14:00,GYM,main gym,33-35,AAA,ZZZ
HIST 345,1,Hist of Italian Renaissance,12/10/2019,14:00,GYM,main gym,40-43,AAA,ZZZ
HIST 349,1,Greece: From Ottoman to the EU,12/12/2019,14:00,TAKE,HOME,,AAA,ZZZ
HIST 368,1,Greek Hist: Classical Period,12/20/2019,9:00,GYM,main gym,34-37,AAA,ZZZ
HIST 387,1,The First World War,12/9/2019,14:00,GYM,Studio 1,1-5,AAA,ZZZ
HIST 393,1,Civil War and Reconstruction,12/13/2019,14:00,GYM,Studio 1,1-6,AAA,MIL
HIST 393,1,Civil War and Reconstruction,12/13/2019,14:00,GYM,Studio 2,1-5,MIT,ZZZ
INDG 200,1,Intro. to Indigenous Studies,12/9/2019,9:00,GYM,Studio 1,1-7,AAA,ZZZ
INDG 202,1,Topics in Indigenous Studies 1,12/12/2019,9:00,FERRIER,105,,AAA,ZZZ
INDR 294,1,Intro to Labour-Mgmt Relations,12/17/2019,14:00,GYM,Fieldhouse,41-42,AAA,ZZZ
INDR 459,1,Comparative Employ. Relations,12/11/2019,14:00,GYM,main gym,30-31,AAA,ZZZ
INDR 492,1,Globalization & Labour Policy,12/9/2019,14:00,GYM,main gym,37-39,AAA,ZZZ
INSY 333,1,Systems Analysis & Modelling,12/19/2019,14:00,GYM,Fieldhouse,5-6,AAA,ZZZ
INSY 336,1,DataHandl&Coding for Analytics,12/9/2019,18:30,BRONF/ARMST,205/075,,AAA,ZZZ
INSY 341,1,Developing Business Apps,12/13/2019,14:00,ARMST,060,,AAA,ZZZ
INSY 432,71,Digital Business Models,12/11/2019,9:00,GYM,main gym,36-38,AAA,ZZZ
INSY 440,51,E-Business,12/17/2019,18:30,GYM,Fieldhouse,16,AAA,ZZZ
INSY 450,1,IS Project Management,12/5/2019,14:00,GYM,main gym,41-43,AAA,ZZZ
INSY 661,75,Data and Dist Sys for Analytics,9-Dec,9:00,ARMST,260,,AAA,ZZZ
INSY 662,75,Data Mining and Visualization,6-Dec,9:00,BRONFMAN,205,,AAA,ZZZ
INTD 200,1,Intro to Int'l Development,12/12/2019,9:00,TAKE,HOME,,AAA,ZZZ
INTD 350,1,Culture and Development,12/13/2019,9:00,TAKE,HOME,,AAA,ZZZ
INTD 397,1,Topics in Int'l Development,12/13/2019,14:00,GYM,main gym,38-41,AAA,ZZZ
INTG 201,61,Integrated Mgmt Essentials 1,12/9/2019,9:00,GYM,BLEACHERS,1-5,AAA,ZZZ
ISLA 200,1,Islamic Civilization,12/16/2019,9:00,TAKE,HOME,,AAA,ZZZ
ISLA 300,1,Special Topics 7,12/12/2019,14:00,TAKE,HOME,,AAA,ZZZ
ISLA 380,1,Islamic Philosophy & Theology,12/20/2019,14:00,TAKE,HOME,,AAA,ZZZ
ISLA 521D1,1,Introductory Arabic,12/10/2019,18:30,GYM,Fieldhouse,45-46,AAA,ZZZ
ISLA 521D1,2,Introductory Arabic,12/10/2019,18:30,GYM,Fieldhouse,45-46,AAA,ZZZ
ISLA 521D1,3,Introductory Arabic,12/10/2019,18:30,GYM,Fieldhouse,45-46,AAA,ZZZ
ISLA 522D1,1,Lower Intermediate Arabic,12/6/2019,9:00,GYM,Fieldhouse,30,AAA,ZZZ
ISLA 522D1,2,Lower Intermediate Arabic,12/6/2019,9:00,GYM,Fieldhouse,30,AAA,ZZZ
ISLA 523D1,1,Higher Intermediate Arabic,12/10/2019,14:00,ARTS,260,,AAA,ZZZ
ISLA 524,1,Advanced Arabic 1,12/11/2019,14:00,BURN,1B23,,AAA,ZZZ
ISLA 532D1,1,Introductory Turkish,12/6/2019,9:00,MOR,328,,AAA,ZZZ
ISLA 533D1,1,Lower Intermediate Turkish,12/18/2019,9:00,MOR,328,,AAA,ZZZ
ISLA 534D1,1,Higher Intermediate Turkish,12/11/2019,14:00,MOR,328,,AAA,ZZZ
ISLA 541D1,1,Introductory Persian,12/6/2019,14:00,ARTS,W-20,,AAA,ZZZ
ISLA 542D1,1,Lower Intermediate Persian,12/9/2019,14:00,ARTS,W-20,,AAA,ZZZ
ISLA 543,1,Upper Intermediate Persian 1,12/18/2019,9:00,ARTS,W-20,,AAA,ZZZ
ITAL 206,1,Beginners Italian Intensive,12/19/2019,14:00,GYM,305,1-5,AAA,ZZZ
ITAL 206,2,Beginners Italian Intensive,12/19/2019,14:00,GYM,305,1-5,AAA,ZZZ
ITAL 216,1,Intermediate Italian Intensive,12/16/2019,9:00,SH688,495,,AAA,ZZZ
LING 201,1,Introduction to Linguistics,12/17/2019,18:30,GYM,Fieldhouse,29-36,AAA,ZZZ
LING 260,1,Meaning in Language,12/12/2019,9:00,GYM,Fieldhouse,19-20,AAA,ZZZ
LING 330,1,Phonetics,12/16/2019,14:00,GYM,Fieldhouse,44-46,AAA,ZZZ
LING 331,1,Phonology 1,12/10/2019,18:30,GYM,Fieldhouse,1-3,AAA,ZZZ
LING 360,1,Introduction to Semantics,12/13/2019,9:00,MAASS,112,,AAA,ZZZ
LING 371,1,Syntax 1,12/9/2019,9:00,GYM,main gym,38-41,AAA,ZZZ
LING 461,1,Formal Methods in Linguistics,12/19/2019,9:00,PE1085,002,,AAA,ZZZ
LLCU 199,1,FYS: Literary Animals,12/12/2019,18:30,TAKE,HOME,,AAA,ZZZ
LSCI 204,1,Genetics,12/20/2019,9:00,CENTEN,Ballroom,,AAA,ZZZ
LSCI 211,1,Biochemistry 1,12/12/2019,14:00,CENTEN,Ballroom,,AAA,ZZZ
MATH 122,1,Calculus for Management,12/9/2019,18:30,GYM,Studio 1,1-7,AAA,McF
MATH 122,1,Calculus for Management,12/9/2019,18:30,GYM,Studio 2,1-7,MEH,ZZZ
MATH 123,1,Linear Algebra and Probability,12/11/2019,14:00,GYM,main gym,32-37,AAA,ZZZ
MATH 125,1,Math.Techniques for Economics,12/20/2019,9:00,GYM,main gym,43-44,AAA,ZZZ
MATH 133,1,Linear Algebra and Geometry,12/5/2019,18:30,GYM,Fieldhouse,1-40,AAA,ZZZ
MATH 133,2,Linear Algebra and Geometry,12/5/2019,18:30,GYM,Fieldhouse,1-40,AAA,ZZZ
MATH 133,3,Linear Algebra and Geometry,12/5/2019,18:30,GYM,Fieldhouse,1-40,AAA,ZZZ
MATH 133,4,Linear Algebra and Geometry,12/5/2019,18:30,GYM,Fieldhouse,1-40,AAA,ZZZ
MATH 139,1,Calculus 1 with Precalculus,12/11/2019,14:00,GYM,Fieldhouse,39-46,AAA,ZZZ
MATH 140,1,Calculus 1,12/10/2019,14:00,GYM,Fieldhouse,1-35,AAA,ZZZ
MATH 140,2,Calculus 1,12/10/2019,14:00,GYM,Fieldhouse,1-35,AAA,ZZZ
MATH 140,3,Calculus 1,12/10/2019,14:00,GYM,Fieldhouse,1-35,AAA,ZZZ
MATH 141,1,Calculus 2,12/11/2019,14:00,GYM,Fieldhouse,1-17,AAA,ZZZ
MATH 141,2,Calculus 2,12/11/2019,14:00,GYM,Fieldhouse,1-17,AAA,ZZZ
MATH 150,1,Calculus A,12/12/2019,14:00,GYM,main gym,13-16,AAA,ZZZ
MATH 180,1,The Art of Mathematics,12/5/2019,14:00,GYM,Fieldhouse,1-8,AAA,ZZZ
MATH 203,1,Principles of Statistics 1,12/6/2019,14:00,GYM,Fieldhouse,1-15,AAA,ZZZ
MATH 203,2,Principles of Statistics 1,12/6/2019,14:00,GYM,Fieldhouse,1-15,AAA,ZZZ
MATH 208,1,Intro to Statistical Computing,12/6/2019,9:00,GYM,main gym,24-28,AAA,ZZZ
MATH 222,1,Calculus 3,12/12/2019,18:30,GYM,Fieldhouse,1-17,AAA,ZZZ
MATH 222,2,Calculus 3,12/12/2019,18:30,GYM,Fieldhouse,1-17,AAA,ZZZ
MATH 223,1,Linear Algebra,12/10/2019,14:00,GYM,Fieldhouse,36-46,AAA,ZZZ
MATH 223,2,Linear Algebra,12/10/2019,14:00,GYM,Fieldhouse,36-46,AAA,ZZZ
MATH 228,1,Classical Geometry,12/18/2019,9:00,GYM,main gym,30-32,AAA,ZZZ
MATH 235,1,Algebra 1,12/13/2019,14:00,GYM,Fieldhouse,1-14,AAA,ZZZ
MATH 240,1,Discrete Structures,12/19/2019,14:00,GYM,Fieldhouse,7-22,AAA,ZZZ
MATH 240,2,Discrete Structures,12/19/2019,14:00,GYM,Fieldhouse,7-22,AAA,ZZZ
MATH 242,1,Analysis 1,12/19/2019,14:00,GYM,Fieldhouse,29-35,AAA,ZZZ
MATH 248,1,Honours Vector Calculus,12/5/2019,9:00,GYM,Fieldhouse,36-38,AAA,ZZZ
MATH 254,1,Honours Analysis 1,12/10/2019,18:30,GYM,main gym,14-23,AAA,ZZZ
MATH 262,1,Intermediate Calculus,12/10/2019,14:00,GYM,main gym,5-39,AAA,ZZZ
MATH 262,2,Intermediate Calculus,12/10/2019,14:00,GYM,main gym,5-39,AAA,ZZZ
MATH 262,3,Intermediate Calculus,12/10/2019,14:00,GYM,main gym,5-39,AAA,ZZZ
MATH 263,1,ODEs for Engineers,12/18/2019,14:00,GYM,Fieldhouse,30-43,AAA,ZZZ
MATH 263,2,ODEs for Engineers,12/18/2019,14:00,GYM,Fieldhouse,30-43,AAA,ZZZ
MATH 264,1,Adv Calculus for Engineers,12/16/2019,18:30,GYM,Fieldhouse,5-10,AAA,ZZZ
MATH 271,1,Linear Algebra and PDE's,12/16/2019,18:30,GYM,Fieldhouse,40-46,AAA,ZZZ
MATH 314,1,Advanced Calculus,12/9/2019,9:00,GYM,Fieldhouse,42-46,AAA,ZZZ
MATH 315,1,Ordinary Differential Eqns,12/5/2019,18:30,GYM,Fieldhouse,41-46,AAA,ZZZ
MATH 316,1,Complex Variables,12/11/2019,14:00,GYM,main gym,41-45,AAA,ZZZ
MATH 317,1,Numerical Analysis,12/17/2019,9:00,GYM,main gym,38-42,AAA,ZZZ
MATH 318,1,Mathematical Logic,12/13/2019,14:00,GYM,305,1-7,AAA,MAR
MATH 318,1,Mathematical Logic,12/13/2019,14:00,GYM,408,1-7,MAT,ZZZ
MATH 323,1,Probability,12/20/2019,9:00,GYM,main gym,6-25,AAA,ZZZ
MATH 323,2,Probability,12/20/2019,9:00,GYM,main gym,6-25,AAA,ZZZ
MATH 324,1,Statistics,12/6/2019,14:00,GYM,Fieldhouse,35-39,AAA,ZZZ
MATH 326,1,Nonlinear Dynamics and Chaos,12/10/2019,9:00,GYM,main gym,38-43,AAA,ZZZ
MATH 338,1,History & Philosophy of Math,12/13/2019,9:00,GYM,main gym,1-14,AAA,ZZZ
MATH 348,1,Euclidean Geometry,12/12/2019,14:00,GYM,Fieldhouse,10,AAA,ZZZ
MATH 350,1,Honours Discrete Mathematics,12/6/2019,14:00,GYM,Fieldhouse,45-46,AAA,ZZZ
MATH 356,1,Honours Probability,12/20/2019,9:00,GYM,Fieldhouse,44-46,AAA,ZZZ
MATH 376,1,Honours Nonlinear Dynamics,12/10/2019,9:00,GYM,main gym,38-43,AAA,ZZZ
MATH 398,1,Honours Euclidean Geometry,12/12/2019,14:00,GYM,Fieldhouse,10,AAA,ZZZ
MATH 417,1,Linear Optimization,12/20/2019,9:00,GYM,main gym,38-39,AAA,ZZZ
MATH 423,1,Regression&Anal of Variance,12/18/2019,14:00,ENGTR,0070,,AAA,GEO
MATH 423,1,Regression&Anal of Variance,12/18/2019,14:00,ENGTR,0100,,GRA,ZZZ
MATH 427,1,Statistical Quality Control,12/9/2019,9:00,BURN,306,,AAA,ZZZ
MATH 454,1,Honours Analysis 3,12/17/2019,14:00,GYM,Fieldhouse,43-45,AAA,ZZZ
MATH 456,1,Honours Algebra 3,12/12/2019,9:00,GYM,Fieldhouse,28-29,AAA,ZZZ
MATH 466,1,Honours Complex Analysis,12/5/2019,9:00,BURN,920,,AAA,ZZZ
MATH 475,1,Honours PDE's,12/19/2019,9:00,GYM,Fieldhouse,4-6,AAA,ZZZ
MATH 517,1,Honours Linear Optimization,12/20/2019,9:00,GYM,main gym,38-39,AAA,ZZZ
MATH 533,1,Honours Regression and ANOVA,12/18/2019,14:00,ENGTR,0060,,AAA,ZZZ
MATH 553,1,Algorithmic Game Theory,12/9/2019,9:00,GYM,main gym,34-37,AAA,ZZZ
MATH 556,1,Mathematical Statistics 1,12/17/2019,14:00,GYM,main gym,24-26,AAA,ZZZ
MATH 564,1,Advanced Real Analysis 1,12/10/2019,9:00,TAKE,HOME,,AAA,ZZZ
MATH 570,1,Higher Algebra 1,12/6/2019,14:00,BURN,1205,,AAA,ZZZ
MATH 576,1,Geometry & Topology 1,12/9/2019,14:00,GYM,main gym,35-36,AAA,ZZZ
MATH 580,1,Partial Differential Equat's 1,12/18/2019,14:00,BURN,920,,AAA,ZZZ
MATH 587,1,Advanced Probability Theory 1,12/20/2019,9:00,BURN,306,,AAA,ZZZ
MECH 210,1,Mechanics 1,12/19/2019,14:00,GYM,Fieldhouse,40-46,AAA,ZZZ
MECH 210,2,Mechanics 1,12/19/2019,14:00,GYM,Fieldhouse,40-46,AAA,ZZZ
MECH 210,3,Mechanics 1,12/19/2019,14:00,GYM,Fieldhouse,40-46,AAA,ZZZ
MECH 210,8,Mechanics 1,12/19/2019,14:00,GYM,Fieldhouse,40-46,AAA,ZZZ
MECH 220,1,Mechanics 2,12/12/2019,9:00,GYM,Fieldhouse,8-10,AAA,ZZZ
MECH 240,1,Thermodynamics 1,12/5/2019,14:00,GYM,Studio 1,1-6,AAA,ZZZ
MECH 261,1,Measurement Laboratory,12/12/2019,9:00,GYM,main gym,37-43,AAA,ZZZ
MECH 262,1,Statistics and Measurement Lab,12/12/2019,9:00,GYM,main gym,37-43,AAA,ZZZ
MECH 309,1,Numerical Methods in Mech Eng,12/16/2019,18:30,GYM,BLEACHERS,1-3,AAA,ZZZ
MECH 314,1,Dynamics of Mechanisms,12/19/2019,9:00,GYM,main gym,22-27,AAA,ZZZ
MECH 315,1,Mechanics 3,12/12/2019,14:00,GYM,main gym,17-19,AAA,ZZZ
MECH 321,1,Mechanics of Deformable Solids,12/11/2019,9:00,GYM,main gym,39-43,AAA,ZZZ
MECH 331,1,Fluid Mechanics 1,12/10/2019,18:30,GYM,BLEACHERS,1-5,AAA,ZZZ
MECH 341,1,Thermodynamics 2,12/9/2019,18:30,GYM,main gym,39-44,AAA,ZZZ
MECH 346,1,Heat Transfer,12/10/2019,18:30,GYM,main gym,38-43,AAA,ZZZ
MECH 360,1,Principles of Manufacturing,12/6/2019,9:00,GYM,Fieldhouse,31-32,AAA,ZZZ
MECH 383,1,Appl Electronics&Instrumentn,12/18/2019,9:00,GYM,Fieldhouse,40-43,AAA,ZZZ
MECH 412,1,System Dynamics and Control,12/17/2019,18:30,GYM,Fieldhouse,17-19,AAA,ZZZ
MECH 430,1,Fluid Mechanics 2,12/5/2019,14:00,GYM,Fieldhouse,42-44,AAA,ZZZ
MECH 530,1,Mech of Composite Materials,12/19/2019,14:00,GYM,main gym,36-38,AAA,ZZZ
MECH 530,2,Mech of Composite Materials,12/19/2019,14:00,GYM,main gym,36-38,AAA,ZZZ
MECH 533,1,Subsonic Aerodynamics,12/10/2019,9:00,GYM,Fieldhouse,41,AAA,ZZZ
MECH 533,2,Subsonic Aerodynamics,12/10/2019,9:00,GYM,Fieldhouse,41,AAA,ZZZ
MECH 535,1,Turbomachinery and Propulsion,12/16/2019,14:00,GYM,BLEACHERS,1-2,AAA,ZZZ
MECH 535,2,Turbomachinery and Propulsion,12/16/2019,14:00,GYM,BLEACHERS,1-2,AAA,ZZZ
MECH 542,1,Spacecraft Dynamics,12/18/2019,9:00,GYM,main gym,36-38,AAA,ZZZ
MECH 542,2,Spacecraft Dynamics,12/18/2019,9:00,GYM,main gym,36-38,AAA,ZZZ
MECH 553,1,Design & Manuf of Microdevices,12/10/2019,14:00,ENGTR,0060,,AAA,ZZZ
MECH 553,2,Design & Manuf of Microdevices,12/10/2019,14:00,ENGTR,0060,,AAA,ZZZ
MECH 572,1,Introduction to Robotics,12/6/2019,9:00,GYM,main gym,29-30,AAA,ZZZ
MECH 572,2,Introduction to Robotics,12/6/2019,9:00,GYM,main gym,29-30,AAA,ZZZ
MGCR 211,1,Intro to Financial Accounting,12/9/2019,9:00,GYM,Fieldhouse,12-19,AAA,ZZZ
MGCR 211,2,Intro to Financial Accounting,12/9/2019,9:00,GYM,Fieldhouse,12-19,AAA,ZZZ
MGCR 211,3,Intro to Financial Accounting,12/9/2019,9:00,GYM,Fieldhouse,12-19,AAA,ZZZ
MGCR 211,4,Intro to Financial Accounting,12/9/2019,9:00,GYM,Fieldhouse,20-26,AAA,ZZZ
MGCR 211,5,Intro to Financial Accounting,12/9/2019,9:00,GYM,Fieldhouse,20-26,AAA,ZZZ
MGCR 211,6,Intro to Financial Accounting,12/9/2019,9:00,GYM,Fieldhouse,20-26,AAA,ZZZ
MGCR 211,7,Intro to Financial Accounting,12/9/2019,9:00,GYM,Fieldhouse,7-11,AAA,ZZZ
MGCR 211,51,Intro to Financial Accounting,12/9/2019,9:00,GYM,Fieldhouse,7-11,AAA,ZZZ
MGCR 222,1,Intro to Org Behaviour,12/12/2019,18:30,GYM,main gym,18-26,AAA,ZZZ
MGCR 222,2,Intro to Org Behaviour,12/12/2019,18:30,GYM,main gym,3-13,AAA,ZZZ
MGCR 222,3,Intro to Org Behaviour,12/12/2019,18:30,GYM,main gym,3-13,AAA,ZZZ
MGCR 222,4,Intro to Org Behaviour,12/12/2019,18:30,GYM,main gym,14-17,AAA,ZZZ
MGCR 222,5,Intro to Org Behaviour,12/12/2019,18:30,GYM,main gym,3-13,AAA,ZZZ
MGCR 222,6,Intro to Org Behaviour,12/12/2019,18:30,GYM,main gym,27-31,AAA,ZZZ
MGCR 222,7,Intro to Org Behaviour,12/12/2019,18:30,GYM,main gym,18-26,AAA,ZZZ
MGCR 271,1,Business Statistics,12/5/2019,9:00,GYM,main gym,3-12,AAA,ZZZ
MGCR 271,2,Business Statistics,12/5/2019,9:00,GYM,main gym,3-12,AAA,ZZZ
MGCR 271,3,Business Statistics,12/5/2019,9:00,GYM,main gym,13-17,AAA,ZZZ
MGCR 271,4,Business Statistics,12/5/2019,9:00,GYM,main gym,18-27,AAA,ZZZ
MGCR 271,5,Business Statistics,12/5/2019,9:00,GYM,main gym,28-32,AAA,ZZZ
MGCR 271,6,Business Statistics,12/5/2019,9:00,GYM,main gym,18-27,AAA,ZZZ
MGCR 293,1,Managerial Economics,12/18/2019,14:00,GYM,main gym,15-29,AAA,ZZZ
MGCR 293,2,Managerial Economics,12/18/2019,14:00,GYM,main gym,30-44,AAA,ZZZ
MGCR 293,3,Managerial Economics,12/18/2019,14:00,GYM,main gym,15-29,AAA,ZZZ
MGCR 293,4,Managerial Economics,12/18/2019,14:00,GYM,main gym,15-29,AAA,ZZZ
MGCR 293,5,Managerial Economics,12/18/2019,14:00,GYM,main gym,30-44,AAA,ZZZ
MGCR 293,6,Managerial Economics,12/18/2019,14:00,GYM,305,1-7,AAA,LAS
MGCR 293,6,Managerial Economics,12/18/2019,14:00,GYM,408,1-7,LAV,ZZZ
MGCR 331,1,Information Systems,12/6/2019,14:00,GYM,main gym,6-21,AAA,ZZZ
MGCR 331,2,Information Systems,12/6/2019,14:00,GYM,main gym,6-21,AAA,ZZZ
MGCR 331,3,Information Systems,12/6/2019,14:00,GYM,main gym,6-21,AAA,ZZZ
MGCR 331,81,Information Systems,12/6/2019,14:00,GYM,main gym,3-5,AAA,ZZZ
MGCR 341,1,Introduction to Finance,12/17/2019,14:00,GYM,Fieldhouse,24-32,AAA,ZZZ
MGCR 341,2,Introduction to Finance,12/17/2019,14:00,GYM,Fieldhouse,24-32,AAA,ZZZ
MGCR 352,1,Principles of Marketing,12/19/2019,14:00,GYM,main gym,8-16,AAA,ZZZ
MGCR 352,2,Principles of Marketing,12/19/2019,14:00,GYM,main gym,8-16,AAA,ZZZ
MGCR 352,3,Principles of Marketing,12/19/2019,14:00,GYM,main gym,8-16,AAA,ZZZ
MGCR 352,4,Principles of Marketing,12/19/2019,14:00,GYM,main gym,17-28,AAA,ZZZ
MGCR 352,5,Principles of Marketing,12/19/2019,14:00,GYM,main gym,17-28,AAA,ZZZ
MGCR 352,6,Principles of Marketing,12/19/2019,14:00,GYM,main gym,17-28,AAA,ZZZ
MGCR 352,7,Principles of Marketing,12/19/2019,14:00,GYM,main gym,29-32,AAA,ZZZ
MGCR 382,1,International Business,12/10/2019,18:30,GYM,Fieldhouse,14-26,AAA,ZZZ
MGCR 382,2,International Business,12/10/2019,18:30,GYM,Fieldhouse,14-26,AAA,ZZZ
MGCR 423,1,Strategic Management,12/16/2019,14:00,GYM,main gym,26-32,AAA,ZZZ
MGCR 423,2,Strategic Management,12/16/2019,14:00,GYM,main gym,26-32,AAA,ZZZ
MGCR 423,3,Strategic Management,12/16/2019,14:00,GYM,main gym,33-36,AAA,ZZZ
MGCR 423,4,Strategic Management,12/16/2019,14:00,GYM,main gym,37-39,AAA,ZZZ
MGCR 423,5,Strategic Management,12/16/2019,14:00,GYM,main gym,40-45,AAA,ZZZ
MGCR 423,51,Strategic Management,12/16/2019,14:00,GYM,main gym,40-45,AAA,ZZZ
MGCR 472,1,Operations Management,12/13/2019,9:00,GYM,Studio 1,1-7,AAA,LOR
MGCR 472,1,Operations Management,12/13/2019,9:00,GYM,Studio 2,1-7,LOW,ZZZ
MGCR 472,2,Operations Management,12/13/2019,9:00,GYM,Studio 1,1-7,AAA,LOR
MGCR 472,2,Operations Management,12/13/2019,9:00,GYM,Studio 2,1-7,LOW,ZZZ
MGCR 472,3,Operations Management,12/13/2019,9:00,GYM,Studio 1,1-7,AAA,LOR
MGCR 472,3,Operations Management,12/13/2019,9:00,GYM,Studio 2,1-7,LOW,ZZZ
MGCR 653,1,Markets and Globalization,13-Dec,13:00,ARMST,065,,AAA,ZZZ
MGCR 653,2,Markets and Globalization,13-Dec,13:00,ARMST,065,,AAA,ZZZ
MGPO 362,1,Fundls of Entrepreneurship,12/9/2019,14:00,GYM,Fieldhouse,41-46,AAA,ZZZ
MGPO 362,2,Fundls of Entrepreneurship,12/9/2019,14:00,GYM,Fieldhouse,41-46,AAA,ZZZ
MGPO 362,3,Fundls of Entrepreneurship,12/9/2019,14:00,GYM,Fieldhouse,39-40,AAA,ZZZ
MGPO 362,61,Fundls of Entrepreneurship,12/9/2019,14:00,GYM,Fieldhouse,41-46,AAA,ZZZ
MGPO 440,1,Strategies for Sustainability,12/6/2019,9:00,TAKE,HOME,,AAA,ZZZ
MGPO 440,2,Strategies for Sustainability,12/6/2019,9:00,TAKE,HOME,,AAA,ZZZ
MGSC 372,1,Advanced Business Statistics,12/10/2019,14:00,GYM,Studio 1,1-7,AAA,MEH
MGSC 372,1,Advanced Business Statistics,12/10/2019,14:00,GYM,Studio 2,1-6,MEL,ZZZ
MGSC 372,2,Advanced Business Statistics,12/10/2019,14:00,GYM,Studio 1,1-7,AAA,MEH
MGSC 372,2,Advanced Business Statistics,12/10/2019,14:00,GYM,Studio 2,1-6,MEL,ZZZ
MGSC 372,3,Advanced Business Statistics,12/10/2019,14:00,GYM,Studio 1,1-7,AAA,MEH
MGSC 372,3,Advanced Business Statistics,12/10/2019,14:00,GYM,Studio 2,1-6,MEL,ZZZ
MGSC 373,1,Operations Research 1,12/9/2019,14:00,GYM,main gym,40-43,AAA,ZZZ
MGSC 401,1,Stat Founds of Data Analytics,12/12/2019,9:00,TAKE,HOME,,AAA,ZZZ
MGSC 401,2,Stat Founds of Data Analytics,12/12/2019,9:00,TAKE,HOME,,AAA,ZZZ
MGSC 404,1,Founds of Decision Analytics,12/5/2019,9:00,ARMST,060,,AAA,ZZZ
MGSC 404,2,Founds of Decision Analytics,12/5/2019,9:00,ARMST,065,,AAA,ZZZ
MGSC 662,75,Decision Analytics,11-Dec,9:00,ARMST,065,,AAA,ZZZ
MICR 341,1,Mechanisms of Pathogenicity,12/9/2019,9:00,CENTEN,Ballroom,,AAA,ZZZ
MIME 200,1,Intro to the Minerals Industry,12/6/2019,9:00,GYM,main gym,31-32,AAA,ZZZ
MIME 250,1,Intro to Extractive Metallurgy,12/18/2019,9:00,GYM,Fieldhouse,19-20,AAA,ZZZ
MIME 260,1,Materials Science&Engineering,12/20/2019,9:00,GYM,main gym,3-5,AAA,ZZZ
MIME 260,2,Materials Science&Engineering,12/20/2019,9:00,GYM,main gym,3-5,AAA,ZZZ
MIME 261,1,Structure of Materials,12/12/2019,18:30,GYM,main gym,38-42,AAA,ZZZ
MIME 262,1,Prop.Materials in Elec. Eng.,12/13/2019,9:00,GYM,Fieldhouse,19-20,AAA,ZZZ
MIME 317,1,Analytical&Character'ion Techs,12/5/2019,14:00,ENGTR,0060,,AAA,ZZZ
MIME 329,1,Mining Geology,12/16/2019,9:00,ENGTR,0060,,AAA,ZZZ
MIME 330,1,Mining Geotechnics,12/12/2019,9:00,ENGTR,0060,,AAA,ZZZ
MIME 340,1,Applied Fluid Dynamics,12/17/2019,14:00,GYM,main gym,27-30,AAA,ZZZ
MIME 352,1,Hydrochemical Processing,12/19/2019,14:00,GYM,Fieldhouse,27-28,AAA,ZZZ
MIME 356,1,"Heat, Mass and Fluid Flow",12/17/2019,14:00,GYM,main gym,27-30,AAA,ZZZ
MIME 360,1,Phase Transformations:Solids,12/19/2019,18:30,GYM,Fieldhouse,42-43,AAA,ZZZ
MIME 362,1,Mechanical Properties,12/18/2019,9:00,GYM,Fieldhouse,44-45,AAA,ZZZ
MIME 410,1,Research Project,12/17/2019,9:00,ENGTR,0070,,AAA,ZZZ
MIME 421,1,Rock Mechanics,12/10/2019,9:00,ENGTR,0070,,AAA,ZZZ
MIME 425,1,Appl Stoch Orebody Modelling,12/19/2019,9:00,GYM,Fieldhouse,45,AAA,ZZZ
MIME 465,1,Metal & Ceram Powd Proc,12/12/2019,14:00,GYM,Studio 2,1-4,AAA,ZZZ
MIME 470,1,Engineering Biomaterials,12/10/2019,18:30,GYM,main gym,34-37,AAA,ZZZ
MIME 521,1,Stability of Undergrd Openings,12/10/2019,9:00,ENGTR,0070,,AAA,ZZZ
MIME 525,1,Stochastic Orebody Modelling,12/19/2019,9:00,GYM,Fieldhouse,45,AAA,ZZZ
MIME 527,1,Selected Topics in Min Res Eng,12/5/2019,9:00,ENGTR,0060,,AAA,ZZZ
MIME 570,1,Micro & Nano-Fabrication Fund.,12/17/2019,9:00,ENGTR,1100,,AAA,ZZZ
MIME 570,2,Micro & Nano-Fabrication Fund.,12/17/2019,9:00,ENGTR,1100,,AAA,ZZZ
MIME 652,1,Aqueous Processing,12/19/2019,14:00,GYM,Fieldhouse,27-28,AAA,ZZZ
MIME 665,1,Adv Proc of Powder Materials,12/12/2019,14:00,GYM,Studio 2,1-4,AAA,ZZZ
MIMM 211,1,Introductory Microbiology,12/12/2019,14:00,GYM,Fieldhouse,36-45,AAA,ZZZ
MIMM 323,1,Microbial Physiology,12/16/2019,9:00,GYM,BLEACHERS,1-5,AAA,ZZZ
MIMM 324,1,Fundamental Virology,12/20/2019,9:00,GYM,BLEACHERS,1-5,AAA,ZZZ
MIMM 384,1,Molecular Microbiology Lab,12/12/2019,18:30,GYM,Studio 1,1-7,AAA,ZZZ
MIMM 414,1,Advanced Immunology,12/18/2019,9:00,GYM,main gym,39-43,AAA,ZZZ
MRKT 440,1,Marketing Analytics,12/6/2019,14:00,GYM,Fieldhouse,26-27,AAA,ZZZ
MRKT 440,2,Marketing Analytics,12/6/2019,14:00,GYM,Fieldhouse,26-27,AAA,ZZZ
MRKT 452,2,Consumer Behaviour,12/12/2019,9:00,GYM,Fieldhouse,41-42,AAA,ZZZ
MRKT 455,1,Sales Management,12/12/2019,18:30,GYM,main gym,34-37,AAA,ZZZ
MUAR 201,1,Basic Materials:Western Mus,12/11/2019,9:00,ADAMS,AUD,,AAA,ZZZ
MUAR 201,2,Basic Materials:Western Mus,12/11/2019,9:00,LEA,132,,AAA,ZZZ
MUAR 211,1,The Art of Listening,12/18/2019,9:00,LEA,132,,AAA,ZZZ
MUAR 211,2,The Art of Listening,12/18/2019,9:00,ADAMS,AUD,,AAA,ZZZ
MUAR 374,2,Special Topics in Music,12/10/2019,14:00,MUSIC,C412/E109,,AAA,ZZZ
MUAR 392,1,Popular Music after 1945,12/6/2019,9:00,ADAMS,AUDITORIUM,,AAA,ZZZ
MUHL 186,1,Western Musical Traditions,12/13/2019,14:00,ADAMS,AUDITORIUM,,AAA,ZZZ
MUHL 385,1,Early Twentieth-Century Music,12/10/2019,9:00,MUSIC,E109,,AAA,ZZZ
MUHL 387,001,Opera from Mozart to Puccini,12/17/2019,9:00,MUSIC,E109,,AAA,ZZZ
MUIT 202,001,Woodwind Techniques,12/10/2019,14:00,MUSIC,C301,,AAA,ZZZ
MUIT 202,001W,Woodwind Techniques,12/10/2019,9:00,MUSIC,C411,,AAA,ZZZ
MUIT 204,001,Percussion Techniques,12/5/2019,14:00,MUSIC,C310,,AAA,ZZZ
MUSP 123,001,Jazz Ear Training 1,12/9/2019,14:00,MUSIC,C411,,AAA,ZZZ
MUSP 123,002,Jazz Ear Training 1,12/5/2019,9:00,MUSIC,C412,,AAA,ZZZ
MUTH 150,001,Theory and Analysis 1,12/20/2019,9:00,MUSIC,C411/C412/E109,,AAA,ZZZ
MUTH 250,001,Theory and Analysis 3,12/11/2019,9:00,MUSIC,"A412/ C411/C412/E109/SH550 1115 & 1116",,AAA,ZZZ
MUTH 529,001,Proseminar in Music Theory,12/5/2019,9:00,MUSIC,A510,,AAA,ZZZ
NRSC 333,001,Pollution and Bioremediation,12/18/2019,9:00,CENTEN,Ballroom,,AAA,ZZZ
NSCI 200,001,Intro. to Neuroscience 1,12/18/2019,14:00,GYM,BLEACHERS,1-5,AAA,ZZZ
NUR1 209,001,Pathophysiology for Nursing 1,12/5/2019,18:30,GYM,main gym,2-18,AAA,ZZZ
NUR1 222,001,Strengths-Based Nurs&Prof Prac,12/9/2019,14:00,GYM,main gym,2-10,AAA,ZZZ
NUR1 222,002,Strengths-Based Nurs&Prof Prac,12/9/2019,14:00,GYM,main gym,11-19,AAA,ZZZ
NUR1 230,001,Supporting Hlth&Healing Capac1,12/20/2019,9:00,SH680,2020  + LAB,,AAA,ZZZ
NUR1 230,002,Supporting Hlth&Healing Capac1,12/20/2019,9:00,SH680,2020 + LAB,,AAA,ZZZ
NUR1 230,003,Supporting Hlth&Healing Capac1,12/20/2019,9:00,SH680,2020 + LAB,,AAA,ZZZ
NUR1 230,004,Supporting Hlth&Healing Capac1,12/20/2019,9:00,SH680,2020 + LAB,,AAA,ZZZ
NUR1 230,005,Supporting Hlth&Healing Capac1,12/20/2019,9:00,SH680,2020 + LAB,,AAA,ZZZ
NUR1 235,001,Health & Physical Assess/Anat1,12/16/2019,9:00,,SIM CENTER,,AAA,ZZZ
NUR1 235,001W,Health & Physical Assess/Anat1,12/18/2019,9:00,GYM,main gym,1-17,AAA,ZZZ
NUR1 300,001,Pharmacology for Nursing 1,12/12/2019,9:00,GYM,Fieldhouse,11-18,AAA,ZZZ
NUR1 312,001,Research in Nursing,12/19/2019,18:30,GYM,Fieldhouse,17-21,AAA,ZZZ
NUR1 323,001,Illness Management 1,12/11/2019,9:00,GYM,Fieldhouse,25-28,AAA,ZZZ
NUR1 325,002,"Acute,Chron&Pall Hlth Chall 1",12/6/2019,9:00,GYM,main gym,33-39,AAA,ZZZ
NUR1 325,003,"Acute,Chron&Pall Hlth Chall 1",12/6/2019,9:00,GYM,main gym,33-39,AAA,ZZZ
NUR1 325,004,"Acute,Chron&Pall Hlth Chall 1",12/6/2019,9:00,GYM,main gym,33-39,AAA,ZZZ
NUR1 329,001,Skin Integrity and Wound Care,12/18/2019,9:00,GYM,Fieldhouse,1-8,AAA,ZZZ
NUR1 336,001,Illness Mgmt Clin Skills Lab 2,12/17/2019,9:00,SH680,LAB,,AAA,ZZZ
NUR1 336,002,Illness Mgmt Clin Skills Lab 2,12/17/2019,9:00,SH680,LAB,,AAA,ZZZ
NUR1 336,003,Illness Mgmt Clin Skills Lab 2,12/17/2019,9:00,SH680,LAB,,AAA,ZZZ
NUR1 336,004,Illness Mgmt Clin Skills Lab 2,12/17/2019,9:00,SH680,LAB,,AAA,ZZZ
NUR1 336,005,Illness Mgmt Clin Skills Lab 2,12/17/2019,9:00,SH680,LAB,,AAA,ZZZ
NUR1 338,001,Appl Hlth&Phys Assessmt/Anat1,12/13/2019,9:00,,SIM CENTER,,AAA,ZZZ
NUR1 338,001W,Appl Hlth&Phys Assessmt/Anat1,12/18/2019,9:00,GYM,main gym,1-17,AAA,ZZZ
NUR1 424,001,"Legal,Ethical&Prof Prac Issues",12/17/2019,9:00,GYM,Fieldhouse,1-9,AAA,ZZZ
NUR2 500,001,Pathology&Pharma in Nursing 1,12/19/2019,9:00,SH680,2020,,AAA,ZZZ
NUR2 517,001,Nursing Clinical Skills Lab 1,12/20/2019,9:00,SH680,2020 + LAB,,AAA,ZZZ
NUR2 534,001,Health Assessment/Anatomy1,12/16/2019,9:00,,SIM CENTER,,AAA,ZZZ
NUR2 534,001W,Health Assessment/Anatomy1,12/18/2019,9:00,GYM,main gym,1-17,AAA,ZZZ
NUR2 623,001,Clin.Assess.&Therapeutics 1,12/11/2019,9:00,GYM,Fieldhouse,25-28,AAA,ZZZ
NUTR 207,001,Nutrition and Health,12/13/2019,14:00,CENTEN,Ballroom,,AAA,ZZZ
NUTR 214,001,Food Fundamentals,12/17/2019,9:00,CENTEN,Ballroom,,AAA,ZZZ
NUTR 307,001,Metabolism and Human Nutrition,12/13/2019,9:00,CENTEN,Ballroom,,AAA,ZZZ
NUTR 341,001,Global Food Security,12/10/2019,9:00,CENTEN,Ballroom,,AAA,ZZZ
NUTR 345,001,Food Service Systems Mgmt,12/18/2019,14:00,CENTEN,Ballroom,,AAA,ZZZ
NUTR 446,001,Applied Human Resources,12/5/2019,14:00,CENTEN,Ballroom,,AAA,ZZZ
NUTR 450,1,Research Meth: Human Nutrition,12/11/2019,14:00,CENTEN,Ballroom,,AAA,ZZZ
NUTR 545,1,Clinical Nutrition 2,12/9/2019,14:00,CENTEN,Ballroom,,AAA,ZZZ
NUTR 546,1,Clinical Nutrition 3,12/16/2019,14:00,CENTEN,Ballroom,,AAA,ZZZ
ORGB 380,1,Cross Cultural Management,12/17/2019,18:30,GYM,main gym,28-31,AAA,ZZZ
ORGB 380,2,Cross Cultural Management,12/17/2019,18:30,GYM,main gym,28-31,AAA,ZZZ
PHAR 200,1,Introduction to Pharmacology 1,12/18/2019,14:00,MCMED,522,,AAA,ZZZ
PHAR 300,1,Drug Action,12/10/2019,18:30,GYM,main gym,24-33,AAA,ZZZ
PHAR 505,1,Structural Pharmacology,12/5/2019,14:00,GYM,Fieldhouse,38-39,AAA,ZZZ
PHAR 562,1,Neuropharmacology,12/13/2019,14:00,GYM,BLEACHERS,1-4,AAA,ZZZ
PHGY 209,1,Mammalian Physiology 1,12/16/2019,14:00,GYM,Fieldhouse,1-19,AAA,ZZZ
PHGY 209,2,Mammalian Physiology 1,12/16/2019,14:00,GYM,Fieldhouse,20-29,AAA,ZZZ
PHGY 212,1,Introductory Physiology Lab 1,12/12/2019,9:00,GYM,Fieldhouse,30-37,AAA,ZZZ
PHGY 311,1,"Channels, Synapses & Hormones",12/16/2019,14:00,GYM,Fieldhouse,34-38,AAA,ZZZ
PHGY 314,1,Integrative Neuroscience,12/5/2019,9:00,GYM,main gym,33-40,AAA,ZZZ
PHGY 508,1,Advanced Renal Physiology,12/9/2019,9:00,MCMED,1034,,AAA,ZZZ
PHGY 524,1,Chronobiology,12/11/2019,14:00,MCMED,1034,,AAA,ZZZ
PHIL 200,1,Intro to Philosophy 1,12/6/2019,9:00,GYM,Fieldhouse,22-29,AAA,ZZZ
PHIL 210,1,Intro to Deductive Logic 1,12/10/2019,9:00,GYM,main gym,3-21,AAA,ZZZ
PHIL 230,1,Intro to Moral Philosophy 1,12/13/2019,9:00,GYM,Fieldhouse,1-8,AAA,ZZZ
PHIL 240,1,Political Philosophy 1,12/17/2019,14:00,GYM,main gym,31-39,AAA,ZZZ
PHIL 242,1,Intro to Feminist Theory,12/11/2019,9:00,TAKE,HOME,,AAA,ZZZ
PHIL 306,1,Philosophy of Mind,12/11/2019,14:00,GYM,Studio 1,1-6,AAA,ZZZ
PHIL 343,1,Biomedical Ethics,12/12/2019,14:00,GYM,main gym,41-44,AAA,ZZZ
PHIL 360,1,17th Century Philosophy,12/9/2019,9:00,TAKE,HOME,,AAA,ZZZ
PHIL 367,1,19th Century Philosophy,12/6/2019,14:00,ARTS,260,,AAA,ZZZ
PHIL 375,1,Existentialism,12/19/2019,9:00,TAKE,HOME,,AAA,ZZZ
PHIL 475,1,Topics in Contem European Phil,12/16/2019,9:00,LEA,927,,AAA,ZZZ
PHYS 101,1,Intro Physics - Mechanics,12/13/2019,9:00,GYM,Fieldhouse,21-40,AAA,ZZZ
PHYS 131,1,Mechanics and Waves,12/17/2019,9:00,GYM,main gym,3-28,AAA,ZZZ
PHYS 180,1,"Space, Time & Matter",12/12/2019,9:00,GYM,main gym,5-14,AAA,ZZZ
PHYS 182,1,Our Evolving Universe,12/6/2019,14:00,MAASS,217,,AAA,ZZZ
PHYS 214,1,Introductory Astrophysics,12/9/2019,9:00,MAASS,217,,AAA,ZZZ
PHYS 224,1,Physics of Music,12/19/2019,18:30,GYM,BLEACHERS,1-5,AAA,ZZZ
PHYS 230,1,Dynamics of Simple Systems,12/17/2019,18:30,GYM,Fieldhouse,39-42,AAA,ZZZ
PHYS 242,1,Electricity & Magnetism,12/16/2019,14:00,GYM,BLEACHERS,5,AAA,ZZZ
PHYS 251,1,Honours Classical Mechanics 1,12/6/2019,14:00,GYM,main gym,36-40,AAA,ZZZ
PHYS 253,1,Thermal Physics,12/9/2019,18:30,GYM,Fieldhouse,37-38,AAA,ZZZ
PHYS 260,1,Modern Physics and Relativity,12/20/2019,9:00,GYM,main gym,26-31,AAA,ZZZ
PHYS 328,1,Electronics,12/19/2019,18:30,GYM,Fieldhouse,44-45,AAA,ZZZ
PHYS 340,1,Majors Electricity & Magnetism,12/12/2019,18:30,GYM,Fieldhouse,45-46,AAA,ZZZ
PHYS 350,1,Hons Electricity & Magnetism,12/12/2019,9:00,GYM,Fieldhouse,26-27,AAA,ZZZ
PHYS 352,1,Honours Electromagnetic Waves,12/6/2019,14:00,MAASS,10,,AAA,ZZZ
PHYS 357,1,Honours Quantum Physics 1,12/17/2019,18:30,GYM,Fieldhouse,20-21,AAA,ZZZ
PHYS 404,1,Climate Physics,12/18/2019,9:00,BURN,719A,,AAA,ZZZ
PHYS 434,1,Optics,12/12/2019,9:00,GYM,main gym,34-36,AAA,ZZZ
PHYS 446,1,Majors Quantum Physics,12/5/2019,9:00,RPHYS,112,,AAA,ZZZ
PHYS 512,1,Comp. Phys. with Applications,12/13/2019,9:00,TAKE,HOME,,AAA,ZZZ
PHYS 521,1,Astrophysics,12/20/2019,9:00,RPHYS,103,,AAA,ZZZ
PHYS 551,1,Quantum Theory,12/9/2019,14:00,TAKE,HOME,,AAA,ZZZ
PHYS 557,1,Nuclear Physics,12/19/2019,9:00,RPHYS,103,,AAA,ZZZ
PHYS 558,1,Solid State Physics,12/16/2019,14:00,GYM,BLEACHERS,3-4,AAA,ZZZ
PHYS 559,1,Advanced Statistical Mechanics,12/11/2019,9:00,RPHYS,112,,AAA,ZZZ
PLNT 300,1,Cropping Systems,12/6/2019,14:00,CENTEN,Ballroom,,AAA,ZZZ
PLNT 302,1,Forage Crops and Pastures,12/12/2019,14:00,CENTEN,Ballroom,,AAA,ZZZ
PLNT 358,1,Flowering Plant Diversity,12/13/2019,14:M00a,donald Ste,aMrtS B-023/032,,AAA,ZZZ
PLNT 460,1,Plant Ecology,12/16/2019,14:00,CENTEN,Ballroom,,AAA,ZZZ
POLI 200,1,Intro to Political Science,12/6/2019,9:00,GYM,Fieldhouse,8-21,AAA,ZZZ
POLI 221,1,Government of Canada,12/20/2019,9:00,GYM,Fieldhouse,1-8,AAA,ZZZ
POLI 226,1,La vie politique québécoise,12/5/2019,14:00,GYM,main gym,37-40,AAA,ZZZ
POLI 244,1,Intl Politics: State Behaviour,12/10/2019,9:00,GYM,Fieldhouse,10-29,AAA,ZZZ
POLI 318,1,Comparative Local Government,12/5/2019,18:30,GYM,main gym,27-31,AAA,ZZZ
POLI 329,1,Russian and Soviet Politics,12/17/2019,9:00,GYM,Fieldhouse,42-45,AAA,ZZZ
POLI 339,1,Comp Developed: Topics 1,12/6/2019,9:00,GYM,Fieldhouse,33-34,AAA,ZZZ
POLI 340,1,Developing Areas/Middle East,12/12/2019,18:30,GYM,Fieldhouse,24-32,AAA,ZZZ
POLI 346,1,American Foreign Policy,12/9/2019,9:00,GYM,main gym,24-33,AAA,ZZZ
POLI 347,1,"Arab-Israel Confl,Crisis,Peace",12/17/2019,18:30,GYM,main gym,32-41,AAA,ZZZ
POLI 359,1,Topics in Intl Politics 1,12/19/2019,18:30,GYM,Fieldhouse,32-34,AAA,ZZZ
POLI 360,1,Security: War and Peace,12/16/2019,18:30,GYM,main gym,30-38,AAA,ZZZ
POLI 364,1,Radical Political Thought,12/11/2019,14:00,TAKE,HOME,,AAA,ZZZ
POLI 423,1,Politics of Ethno-Nationalism,12/20/2019,9:00,GYM,Fieldhouse,42-43,AAA,ZZZ
POLI 426,1,Partis pol et comp élect au Qc,12/13/2019,14:00,ARTS,260,,AAA,ZZZ
POLI 433,1,Hist of Pol/Soc Theory 3,12/18/2019,9:00,ARTS,260,,AAA,ZZZ
POLI 435,1,Identity and Inequality,12/10/2019,9:00,GYM,Fieldhouse,39-40,AAA,ZZZ
POLI 444,3,Topics in Intl Politics 2,12/12/2019,14:00,GYM,main gym,20-22,AAA,ZZZ
POLI 445,1,IPE: Monetary Relations,12/11/2019,9:00,GYM,Fieldhouse,29-31,AAA,ZZZ
POLI 451,1,The European Union,12/19/2019,14:00,GYM,Studio 2,1-7,AAA,ZZZ
PSYC 100,1,Introduction to Psychology,12/17/2019,9:00,GYM,Fieldhouse,10-31,AAA,ZZZ
PSYC 204,1,Intro to Psychological Stats,12/19/2019,18:30,GYM,Fieldhouse,1-16,AAA,ZZZ
PSYC 211,1,Intro Behavioural Neuroscience,12/5/2019,9:00,GYM,Fieldhouse,14-35,AAA,ZZZ
PSYC 215,1,Social Psychology,12/13/2019,14:00,GYM,Fieldhouse,15-36,AAA,ZZZ
PSYC 301,1,Animal Learning and Theory,12/13/2019,9:00,GYM,main gym,25-31,AAA,ZZZ
PSYC 304,1,Child Development,12/20/2019,9:00,GYM,Fieldhouse,19-32,AAA,ZZZ
PSYC 305,1,Statistics for Exper Design,12/10/2019,18:30,GYM,Fieldhouse,33-44,AAA,ZZZ
PSYC 310,1,Intelligence,12/12/2019,9:00,GYM,main gym,25-33,AAA,ZZZ
PSYC 311,1,Human Cognition and the Brain,12/6/2019,9:00,GYM,main gym,3-15,AAA,ZZZ
PSYC 315,1,Computational Psychology,12/6/2019,14:00,GYM,main gym,41-43,AAA,ZZZ
PSYC 328,1,Health Psychology,12/13/2019,14:00,GYM,main gym,1-23,AAA,ZZZ
PSYC 332,1,Intro to Personality,12/5/2019,14:00,GYM,Fieldhouse,9-22,AAA,ZZZ
PSYC 337,1,Intro to Psychopathology,12/19/2019,9:00,GYM,main gym,3-21,AAA,ZZZ
PSYC 342,1,Hormones & Behaviour,12/18/2019,9:00,GYM,Fieldhouse,21-26,AAA,ZZZ
PSYC 403,1,Modern Psych in Hist Persp,12/10/2019,9:00,GYM,Fieldhouse,1-6,AAA,ZZZ
PSYC 406,1,Psychological Tests,12/12/2019,14:00,GYM,Fieldhouse,21-32,AAA,ZZZ
PSYC 436,1,Human Sexuality & Its Problems,12/9/2019,9:00,GYM,Fieldhouse,1-6,AAA,ZZZ
PSYC 470,1,Memory and Brain,12/18/2019,14:00,TAKE,HOME,,AAA,ZZZ
PSYC 474,1,Interpersonal Relationships,12/16/2019,14:00,GYM,Fieldhouse,30-33,AAA,ZZZ
PSYC 475,1,Neuroscience of Social Psych,12/5/2019,18:30,GYM,main gym,32-34,AAA,ZZZ
PSYC 530,1,Applied Topics in Deafness,12/16/2019,9:00,TAKE,HOME,,AAA,ZZZ
PSYC 538,1,Categoriz Communic & Consciou,12/19/2019,14:00,TAKE,HOME,,AAA,ZZZ
QCST 200,1,Intro to the Study of Quebec,12/16/2019,9:00,TAKE,HOME,,AAA,ZZZ
RELG 210,1,Jesus of Nazareth,12/11/2019,14:00,BIRKS,205,,AAA,ZZZ
RELG 257D1,1,Introductory Sanskrit,12/12/2019,14:00,BIRKS,105,,AAA,ZZZ
RELG 257D1,761,Introductory Sanskrit,12/12/2019,14:00,BIRKS,105,,AAA,ZZZ
RELG 373,1,Christian Ethics of Love,12/16/2019,9:00,TAKE,HOME,,AAA,ZZZ
RELG 381,1,Adv. New Testament Greek,12/20/2019,9:00,BIRKS,105,,AAA,ZZZ
RUSS 217,1,Russia's Eternal Questions,12/16/2019,14:00,TAKE,HOME,,AAA,ZZZ
RUSS 337,1,Vladimir Nabokov,12/10/2019,14:00,TAKE,HOME,,AAA,ZZZ
SEAD 550,1,Dec-Making for Sust: Eng & Des,12/5/2019,9:00,ENGTR,1080,,AAA,ZZZ
SOCI 210,1,Sociological Perspectives,12/9/2019,18:30,GYM,main gym,3-12,AAA,ZZZ
SOCI 213,1,Deviance,12/11/2019,9:00,GYM,Fieldhouse,34-37,AAA,ZZZ
SOCI 234,1,Population & Society,12/16/2019,18:30,GYM,Fieldhouse,36-39,AAA,ZZZ
SOCI 235,1,Technology and Society,12/20/2019,9:00,GYM,Studio 1,1-6,AAA,MOR
SOCI 235,1,Technology and Society,12/20/2019,9:00,GYM,Studio 2,1-6,MOU,ZZZ
SOCI 247,1,Family & Modern Society,12/16/2019,9:00,GYM,main gym,24-30,AAA,ZZZ
SOCI 250,1,Social Problems,12/13/2019,9:00,GYM,main gym,15-24,AAA,ZZZ
SOCI 304,1,Sociology of the Welfare State,12/19/2019,14:00,GYM,Fieldhouse,23-26,AAA,ZZZ
SOCI 330,1,Sociological Theory,12/17/2019,18:30,GYM,Fieldhouse,22-28,AAA,ZZZ
SOCI 420,1,Organizations,12/5/2019,9:00,GYM,Studio 2,1-6,AAA,ZZZ
SOIL 315,1,Soil Nutrient Management,12/19/2019,9:00,CENTEN,Ballroom,,AAA,ZZZ
SWRK 220,1,History & Philosophy of SW,12/11/2019,9:00,GYM,Fieldhouse,32-33,AAA,ZZZ
SWRK 221,1,Public Soc. Services in Canada,12/9/2019,14:00,GYM,main gym,20-24,AAA,ZZZ
SWRK 221,2,Public Soc. Services in Canada,12/9/2019,14:00,GYM,main gym,20-24,AAA,ZZZ
WILD 302,1,Fish Ecology,12/10/2019,9:00,CENTEN,Ballroom,,AAA,ZZZ
WILD 307,1,Natural History of Vertebrates,12/11/2019,9:00,CENTEN,Ballroom,,AAA,ZZZ
WILD 401,1,Fisheries&Wildlife Management,12/5/2019,9:00,CENTEN,Ballroom,,AAA,ZZZ
WILD 420,1,Ornithology,12/9/2019,14:00,TAKE,HOME,,AAA,ZZZ
